OCCHIUTO;500;1
GIURATI;500;0
MIGNONE;500;0
SCRITTORE;500;0
PORCEDDA;499;0
ALINEI;499;0
GERMINO;499;0
SPANU;499;0
SPINOZZI;498;0
REGOLI;498;0
MISSAGLIA;498;0
TOSTO;497;0
INCANTALUPI;497;0
SGARBI;497;0
BATTELLI;497;0
LAZZERONI;497;0
GIARRATANA;497;0
FRANCHINO;496;0
FAZZI;496;0
FURLAN;495;0
LUCCHESI;495;0
SAMBIAGIO;495;0
BELLEN;494;0
BOBBIESE;494;0
ARBIZZI;494;0
GANZERLA;494;0
GIUSTINIANO;494;0
GALISAI;494;0
ALASIO;494;0
SGHERRI;493;0
PENNACCINO;493;0
PACINI;493;0
MOMOLI;492;0
POMI;492;0
MASSARA;492;0
MAZZA;492;0
CAPILUNGO;491;0
GIORGI;491;0
PETTINATI;491;0
FORNAROLI;491;0
ANNIS;491;0
VOLPICELLA;491;0
REDOLFI;491;0
BINO;491;0
MANIELLO;490;0
CECERE;490;0
FRITEGOTTO;490;0
PALUMBO;490;0
GIANNONI;489;0
MARAGLIANO;489;0
FRUSCIO;489;0
LOCCI;489;0
FLAIM;489;0
FALCONER;489;0
PERTI;489;0
BAROLO;489;0
SCUDERO;488;0
VASINI;488;0
VIVALDINI;487;0
PORTO;487;0
TOLLEDI;486;0
FOPPOLO;485;0
SANTANGELO;485;0
MASCHERONI;485;0
PIZZONE;484;0
CITRONI;484;0
IACOPO;484;0
BRUNETTI;484;0
BOTTO;484;0
GIAMBO;484;0
MENEGATTO;483;0
BUSONI;483;0
COPPOTELLI;482;0
ARMANNO;482;0
NOLA;482;0
BOCCANERA;482;0
ACERBIS;481;0
RESA;481;0
ACERBONI;481;0
ARGERI;480;0
BARDELLONI;480;0
GHELLER;479;0
MANNUCCI;479;0
DELPONTE;478;0
CIRCENZI;478;0
AGASSINI;478;0
MAGHINI;477;0
MARIN;477;0
PANNUNZIO;477;0
BERTOLLO;477;0
FRANZIN;477;0
STANGALINI;477;0
ALIMONDA;476;0
VIGONI;476;0
RASTELLINI;476;0
GULLO;476;0
SESTINI;476;0
DIONISIO;476;0
PIRELLI;475;0
MARGON;475;0
CAMPANILE;474;0
PETTINARO;474;0
RODRIGUEZ;474;0
ALBANESI;473;0
PETRAZZINI;473;0
ROSSANI;473;0
ANTONUCCI;472;0
GAMBINI;472;0
FRIGHI;472;0
PERRUCCHETTI;472;0
PRATA;471;0
RAGUSA;471;0
FARNETI;471;0
ROSATI;471;0
VIGNE;471;0
MALAGOLI;471;0
SIRONE;470;0
SCACCABAROZZI;470;0
MENTONE;470;0
MIGLIORA;469;0
SPADAVECCHIA;469;0
CORSA;469;0
CLUN;469;0
TADDE';469;0
RICUCCI;469;0
ERCOLES;469;0
PROVANA;468;0
GIAMBRA;468;0
COCUZZA;468;0
GUGLIELMINI;467;0
LAUDISA;467;0
ROSELLINI;467;0
ROCCA;467;0
AVOGADRO;466;0
CAPORALI;466;0
REGORDA;466;0
ZACCONI;466;0
D'URSO;465;0
CIMMARRUSTI;465;0
ZACCHETTO;465;0
MELPI;465;0
CALATRO;465;0
MASTANTUONI;465;0
MACALUSO;465;0
GIUSTI;465;0
BOZZOLI;465;0
LUZARDI;465;0
IURI;464;0
VENERE;464;0
BOMBARDIERI;464;0
SARTOR;464;0
PAGANO;464;0
FAVRE;464;0
VALLI;464;0
LAI;464;0
BULFONE;463;0
CATACCHIO;463;0
CABRINI;463;0
MOLLICA;462;0
MORISI;462;0
BEALLI;462;0
PIGNATELLI;462;0
TASIN;461;0
GARGIULI;461;0
CANALIS;461;0
DI-MARTINO;461;0
PELUCCHINI;461;0
GALLONE;461;0
OSSOLA;460;0
CALVOSA;460;0
FACCENDINI;460;0
MARZIALI;460;0
ACCORSO;459;0
GINISI;459;0
SAGINA;459;0
COMPARINI;459;0
SARACCHI;458;0
TOCE;458;0
ADIMARI;457;0
MALGIOGLIO;457;0
BRESCIA;457;0
FAZZOLARI;457;0
SPINOLA;456;0
ZUCCALA';456;0
GIROTTI;456;0
INTRAPRENDENTE;456;0
AJALA;456;0
SANDRI;455;0
TAMONE;455;0
LOBBIA;455;0
TOTTI;455;0
CATARAME;455;0
USIGLI;454;0
PUZZU;454;0
MARLIA;454;0
ANFOSSI;454;0
GRANZINI;454;0
MATTAVELLI;454;0
TUOTI;453;0
GUERCINI;453;0
TODISCO;452;0
ALARICO;452;0
LEMBO;452;0
ELISEO;452;0
CASTELLETTI;452;0
ACARDI;452;0
DEFENDENTI;452;0
COLLI;452;0
GIORI;452;0
TERMINE;452;0
DEMI;451;0
CALVESI;451;0
LUGRINI;451;0
SACCA';451;0
GRITTI;451;0
ALBRIZI;451;0
ZAPPALE;451;0
BENTIVEGNA;451;0
ZUFFETTI;451;0
PASINI;449;0
GIORDI;449;0
MANCUSI;449;0
GALOTTA;449;0
PASCA;449;0
AZZALINI;449;0
ZINGARELLI;448;0
FAEDDA;448;0
STOPPA;448;0
BELLINCIONI;448;0
PEDERZINI;448;0
CUSANI;448;0
CALLEGARI;447;0
BORGIA;447;0
MAURICI;447;0
CESTARA;447;0
VIGLI;447;0
BERTOSSO;447;0
GALATA;447;0
APICELLA;447;0
MAZZIERI;447;0
BRANDOARDI;446;0
MINGARDO;446;0
MICERO;446;0
PREVI;446;0
ARBIZZANI;445;0
VERNAZZA;445;0
RONDANINA;445;0
GENNARI;445;0
BISARO;445;0
GHENO;445;0
RENIER;445;0
MATTAROZZI;444;0
ZUCCATELLI;444;0
MOTTERAN;444;0
TESSERA;443;0
MERAVIGLIA;443;0
PERAZZOLI;443;0
GINAMI;442;0
MONDOLFO;442;0
CANALI;442;0
MINGOLINI;441;0
NARDI;441;0
PAIARO;441;0
BERTOTTI;441;0
ARCURI;441;0
VALDEMARIN;441;0
CAMOSSI;441;0
STELLA;440;0
CALIANO;440;0
MALVITANI;440;0
AMATI;440;0
IRONI;440;0
GIANNETTA;440;0
BOGGI;439;0
SCANDELLI;438;0
MALISANI;438;0
AMBROSIN;438;0
D'ANDRIA;438;0
FANTI;438;0
PENNACINI;438;0
MONCADA;438;0
DEMARTINO;437;0
MANES;437;0
RODOLATTI;437;0
SEREGNI;437;0
PORTELLO;437;0
MAINAS;437;0
ASTILLERO;437;0
TAGLIERI;436;0
RECCO;436;0
PETRALLI;436;0
ARNALDI;436;0
MARCUZ;436;0
BASTONE;436;0
AGAZZONI;436;0
CORNARI;436;0
GIUPPONI;436;0
FANUCCI;435;0
ROSSELLINI;435;0
FENINI;435;0
RUBBIATI;435;0
MENTONI;435;0
RUGGERO;434;0
LUISINI;434;0
BETTIN;434;0
AZZARO;433;0
ROFRANO;433;0
AUTERIO;433;0
PROVENZALE;433;0
FOSCHINI;433;0
MICELLI;433;0
FOTI;433;0
PELIZZARI;433;0
SAGGINO;433;0
ACCIAIOLI;432;0
FIORENTINI;432;0
NASCIMBEN;432;0
FINELLI;432;0
CALABRIA;432;0
CORONEO;432;0
FURCHI;432;0
VIRGOLA;432;0
FOLCHINI;432;0
BELGIOVANE;431;0
BIZARRO;431;0
CIMARUSTI;430;0
PAGLIAI;430;0
SUARDI;430;0
FORESTO;430;0
BRIZIO;429;0
GIOS;429;0
ARDENGHI;429;0
PALLAVICINI;429;0
CORTENOVA;429;0
DAVI';429;0
BOCCALINI;429;0
PEDDIU;429;0
MERLANO;429;0
LUCARINO;429;0
QUASSOLO;429;0
CRISALDI;428;0
VENDRAME;428;0
ZAVATTERI;428;0
BARNI;428;0
BRUGNARO;427;0
CABASSI;427;0
FALAPPI;427;0
GAGLIARDO;427;0
ACONE;427;0
ARCARO;426;0
BRENTAZZOLI;426;0
BAZZA;426;0
CAVAGNARI;426;0
POVOLI;426;0
ZAMUNER;426;0
CHIERA;426;0
SCATTONI;426;0
NOGAROL;425;0
TROMBADORI;425;0
DORIGATO;425;0
FARESE;425;0
GIRAUDI;425;0
BIASI;425;0
BERUTTI;424;0
BARISON;424;0
AMICO;424;0
AMORUSO;424;0
DEMAGISTRIS;424;0
MAIDA;424;0
ALTEBRANDO;423;0
FREGAPANE;423;0
CLAVERIO;423;0
CALCAGNO;423;0
VIROLI;423;0
LUGATO;422;0
MICCOLIS;422;0
IAMPIS;421;0
MAGNONI;421;0
SOREGAROLI;421;0
SANZOGNI;421;0
GENCO;420;0
COSMO;420;0
OPIZZI;420;0
PERASSO;420;0
BAIARDI;420;0
D'ABROSCA;420;0
DALLABORA;420;0
VIGLINO;420;0
MONTEBELLO;420;0
BERTOCCHI;420;0
BALLOTTI;419;0
GAZZERA;419;0
PACE;419;0
MARASSI;419;0
PACIFICI;419;0
NASCIMBENE;419;0
IANEZ;418;0
BARBINI;418;0
MUSSI;418;0
MARENGHI;417;0
PIOLINI;417;0
IPOCOANA;417;0
BAJT;417;0
SIMON;417;0
SENES;417;0
PALMISCIANO;417;0
FRANCESC;417;0
BRIOZZO;417;0
SAVINI;417;0
SUSANI;416;0
BUONO;416;0
BURLA;416;0
MONDINO;416;0
CESTARO;416;0
AZZI;415;0
PASSERINI;415;0
AMALBERTO;415;0
DIOLAIUTI;415;0
MANDI;415;0
ZAMPERETTI;415;0
RICE;415;0
GIACOMAZZI;415;0
LAZZERI;414;0
TRINCHITELLA;414;0
FANELLA;414;0
NASELLI;414;0
NOVARA;413;0
SOARDI;413;0
BASSANINI;413;0
SORESINI;413;0
MOCHI;413;0
MAZZOLA;413;0
PITTER;413;0
SCHISANI;413;0
LUCCHINI;412;0
SILIPO;412;0
FIGARO;412;0
LIVOLSI;412;0
CUNEGONDA;412;0
TURLETTI;412;0
GUIZZARDI;412;0
LOCHE;411;0
GIUNTINI;411;0
PANCALDI;411;0
GRIFFINI;411;0
VERDA;411;0
GARZONI;411;0
ANDREAZZINI;411;0
BRIGATTI;411;0
RAVASI;410;0
CURCIO;410;0
GOLIN;410;0
MUZZICATO;410;0
GATTELLI;410;0
PULICI;410;0
MICALE;410;0
OPPI;410;0
MADDI;410;0
CUGNONI;410;0
AMEGLIO;410;0
GAMBELLA;410;0
BIGNOTTO;409;0
ARDIZZONE;409;0
POLL;409;0
CAGGEGGI;409;0
MAGALDI;408;0
TOGNETTI;408;0
CERIONI;408;0
CARDARELLO;408;0
FETTOLINI;408;0
SETTO;407;0
MUTTI;407;0
DEGANI;407;0
BULZI;407;0
NAGGI;407;0
GEROLA;407;0
IERARDO;406;0
ZUMBO;406;0
LIPPI;406;0
ANDREAZZI;406;0
COLAVOLPE;406;0
CAROBBIO;406;0
CARFI';406;0
LAMA;406;0
POLVERINI;406;0
BINOTTO;405;0
PIRCHER;405;0
ATTOLINO;405;0
REZOAGLI;405;0
FUSARPOLI;405;0
GREGORI;405;0
RAGONESI;405;0
ANESINI;405;0
CARNESECCHI;405;0
LUBRANO;405;0
BERGO;405;0
GARGI;404;0
CACCIOPPINI;404;0
RUTIGLIANO;404;0
BILLA;404;0
REBUGHINI;404;0
VECCHIOTTI;403;0
DISPINZIERI;403;0
MARRI;403;0
GOTTI;403;0
PASINO;403;0
BISSACO;403;0
NESPOLA;403;0
RIVOLTA;403;0
CLERICO;402;0
COLASANTI;402;0
MANGIATERRA;402;0
MILANI;402;0
BAUDONE;402;0
GORRETA;402;0
STARACI;402;0
BOSCARELLI;401;0
VIALARDI;401;0
AIMONI;401;0
AMORINI;401;0
VALZ;400;0
BAGATINI;400;0
MANENTI;400;0
CARCANO;399;0
BELLANI;399;0
CAMISONI;399;0
FERRARIS;399;0
MENEGALE;399;0
CHIARINI;399;0
RISI;398;0
SELIS;398;0
COMUZZO;398;0
MASSE';398;0
SCARANO;398;0
TROVATO;398;0
DE-FLANDRE;398;0
PARACCIANI;398;0
VALTORTA;398;0
TOSOLIN;397;0
LORENZETTI;397;0
PUGLIESI;397;0
CHINATI;397;0
SPORTELLI;397;0
CALDERONE;397;0
GUIDOTTI;397;0
ALIBERTO;396;0
BRACCHITTA;396;0
REBIZZI;396;0
MUTINI;396;0
ZANCHI;395;0
GREGORIADIS;395;0
CATTALANI;395;0
MEZZADRA;395;0
BLASI;395;0
NOCERINO;395;0
TRINCA;395;0
MASCIARI;395;0
DOSSENA;395;0
MASINA;395;0
BAGGI;394;0
BUSSOLOTTO;394;0
ZANARDO;394;0
GRASSADONIA;394;0
CALAMIA;394;0
RIZZUTO;394;0
LAMBRUSCHI;394;0
NORA;393;0
COLO';393;0
MONTEFAMEGLIO;393;0
MENDOZA;393;0
CRISTOFOLO;393;0
SACCO;393;0
PRESI;393;0
LIVRIERI;393;0
CARDONI;393;0
TECCHIO;393;0
BARBARO;393;0
ACERRANO;393;0
FOCHESATO;392;0
RAIA;392;0
BOLOGNANI;392;0
PETRINO;392;0
MAZZOCCA;392;0
GORGA;392;0
TOSSUTI;392;0
VANNONI;392;0
RONCORONI;392;0
IANNONE;391;0
RUTELLI;391;0
ZANINELLI;391;0
COLIBRETTI;391;0
CARGNELUTTI;391;0
FEDE;391;0
GARBATI;391;0
LUCIANO;391;0
ALEPRI;391;0
TAGLIACOZZI;391;0
PETRAZZO;391;0
MASSOLO;390;0
LEMMA;390;0
TONINELLI;390;0
ILLARIETTI;390;0
ONGANIA;389;0
MORISCO;389;0
MINICOCCI;389;0
VILLAN;389;0
FERRANTE;389;0
SCORZA;388;0
BASILICO;388;0
DOMENEGHINI;388;0
VISENTINI;388;0
PALMITESSA;388;0
NARDONI;388;0
CADAMAGNANI;388;0
CELESTINO;388;0
ALTOBRANDI;387;0
D'AQUI';387;0
PEZZOTTI;387;0
LUNARDELLO;387;0
MAZZONE;387;0
LUIS;387;0
ARMELLINI;387;0
MARICONTI;387;0
DI-CARLO;386;0
CANZONIERI;386;0
SOLIMEO;386;0
TUMMOLO;386;0
THUN;386;0
VERTICALE;386;0
CANDUSSI;386;0
PIRALI;386;0
ANDIDERO;386;0
DOLCINI;385;0
SCAMBIATI;385;0
MAZZARO;385;0
RIZZOTTO;385;0
ROZZI;385;0
POSSENTI;385;0
RICOTTI;384;0
CARLINI;384;0
MEGALE;384;0
ISNARDI;384;0
BOSCARIOL;384;0
PAGANA;384;0
BAGLINI;384;0
ERMACORA;384;0
BALBONI;383;0
SCACCO;383;0
BALDI;383;0
FURINI;383;0
BOTERO;383;0
SANTUCCI;383;0
SPALMA;382;0
CERIANI;382;0
MONTI;382;0
GRUMELLI;382;0
BELLEBONO;381;0
SECURI;381;0
CARUSIO;381;0
VESPI;381;0
DE-FILIPPIS;381;0
TOMMASINO;381;0
LILLIU;381;0
MADDALENA;381;0
CORDELLA;381;0
MALATERRA;381;0
TORREGIANI;381;0
GRAZIA;380;0
CASCIONALE;380;0
LEGATO;380;0
LAZZARI;380;0
AQUILANTI;379;0
INCANTALUPO;379;0
LICHELLI;379;0
CARABELLI;379;0
TREZZA;379;0
BONI;378;0
GAGLIANI;378;0
APICE;378;0
MARIANELLI;378;0
MION;378;0
AMADORE;378;0
MASTROGIACOMO;378;0
FIABANE;378;0
GARELLI;378;0
CARRARO;377;0
CALIAN;377;0
ARICI;377;0
MEOMARTINO;377;0
ANDREOTTI;377;0
BARAZZUTTI;377;0
GULINO;377;0
D'ALOIA;377;0
REDAVID;377;0
MARSICO;377;0
CANU;377;0
CIGOLINI;376;0
FALCONIERI;376;0
DUCE;376;0
VANNINI;376;0
MASTRO;376;0
TOMASI;376;0
ARMENI;375;0
GHISLERI;375;0
SCALFARO;375;0
RUGGI;375;0
FIGALLO;375;0
PICANO;375;0
DANZI;375;0
MONTAGNANI;375;0
POLO;374;0
RONDINA;374;0
ANFORA;374;0
ARCONATI;374;0
ALPINI;374;0
ADDARIO;374;0
MARROCCO;374;0
POTENZA;374;0
QUARTARONE;374;0
NAPOLIELLO;374;0
TOVINI;374;0
MANNARO;374;0
GIGLIOLI;373;0
OTTOLINA;373;0
MINICUCI;373;0
MONEGHETTI;373;0
ASTORE;373;0
CASTELLAZZI;373;0
BERGAMASCHI;373;0
PRANDI;373;0
PASQUATO;373;0
EUSEBIO;373;0
VISSANI;373;0
POMPILIO;373;0
PAPACE;372;0
CARLUCCI;372;0
DEGREGORIO;372;0
BATTISTELLI;372;0
BIRAL;372;0
TRAINO;372;0
TURCO;372;0
PASSADORI;372;0
VILLANOVA;372;0
LINATI;372;0
VITI;371;0
PERINI;371;0
SOTTURA;371;0
PUSTERLA;371;0
MORCHIO;371;0
AMERIO;371;0
REMONDINO;371;0
RAVANETTI;371;0
TOFANI;371;0
NICOLINI;371;0
GIROLA;371;0
MARDEGAN;371;0
DOVERA;371;0
DENNI;370;0
DIONIGI;370;0
MERCANTELLI;370;0
CANDORE;370;0
TRICERRI;370;0
ALBERTI;370;0
DRAGONETTI;370;0
STORACE;370;0
SALVATORI;370;0
SANGERVASI;370;0
TIRANZONI;370;0
SPADINI;370;0
GARLASCHELLI;370;0
MANERI;370;0
BENEDETTI;369;0
PANZIN;369;0
PEZZELLA;369;0
DAVIDI;369;0
CAROBBI;369;0
TEDOLDINI;369;0
CATINO;369;0
PACIULLI;369;0
CAPODANNO;369;0
GLORIOSO;369;0
ACCIARI;369;0
LAUDAMO;369;0
CUNIAL;369;0
SPADA;368;0
MIRABELLA;368;0
RIBONI;368;0
TRAININI;368;0
ZAMBONI;368;0
AGATI;368;0
MOSCATO;368;0
POLIMENA;368;0
GIGANTE;368;0
CEDOLINI;368;0
RONDINE;368;0
CASABLANCA;368;0
DELL'OSBEL;367;0
MORANDOTTI;367;0
VAGLIO;367;0
GALANTE;367;0
GANDOLFI;366;0
CARLENTINI;366;0
DAMIANI;366;0
MORINI;366;0
NARDIELLO;366;0
CAVIGLIONE;366;0
BARETTI;366;0
MAMERTINO;366;0
AMODEO;365;0
VALTANCOLI;365;0
FALCON;365;0
CORTESE;364;0
GIACOBBI;364;0
MACCO;364;0
REDONDI;364;0
MINISCALCO;364;0
MASI;364;0
VIVALDI;364;0
SAMMARCO;364;0
MARTINELLI;363;0
CENTANNI;363;0
COPELLI;363;0
DIBARTOLOMEO;363;0
DISTINZIERI;363;0
IANNICOLA;363;0
PALMIOTTO;363;0
CAPEZZERA;363;0
VIZIO;363;0
RONDINI;363;0
ALBIS;363;0
FRICANO;362;0
BIANCUCCI;362;0
TALAMINI;362;0
PIRANDA;362;0
LAPOLLA;362;0
NECCHI;362;0
PELLIZZARI;362;0
TRENTIN;362;0
BEZZI;362;0
ARMANI;361;0
FUSCO;361;0
PIN;361;0
BONETTO;361;0
GAVAZZO;361;0
FEULA;361;0
GANGEMI;361;0
SPACCATROSI;361;0
SION;360;0
ALDERISI;360;0
VACCAREZZA;360;0
SEMINARI;360;0
COZZI;360;0
BERGALLO;360;0
BENIVENTO;360;0
CALAMO;360;0
QUINQUE;360;0
GIACO';360;0
UCCHINO;360;0
BORROMINI;360;0
CAPUZZONI;360;0
D'AMICO;360;0
SILANI;360;0
FERMI;359;0
SIRIGNANO;359;0
CAICCO;359;0
DONADELLI;359;0
FLORENZANI;359;0
DUINA;358;0
MALICA;358;0
LONGHI;358;0
MIGHETTO;358;0
IAVARONI;358;0
GHIOTTO;358;0
PAVEGLIO;358;0
CALANDRELLI;358;0
CORNER;357;0
BIOSA;357;0
COMPARIN;357;0
SCALZI;357;0
DIFRONZO;357;0
GIANQUINTO;357;0
BEARZI;357;0
ZEPPILLI;357;0
IANNIELLI;357;0
FRISINGHELLI;357;0
ANNIBALDI;356;0
RAVANI;356;0
SAVI;356;0
ARCANGELO;356;0
RIGAMONTI;356;0
MAZZUCA;356;0
STEFANELLI;356;0
AZZALIN;356;0
MAZZAIA;356;0
CANEVA;356;0
FERLA;356;0
BAUDINO;355;0
FOSSAGHI;355;0
MICCICCHE';355;0
FEREGOTTI;355;0
GAIDO;355;0
FRUSCALZO;355;0
GALETTO;355;0
CASSITTO;355;0
CARGNELLO;354;0
CASINO;354;0
GIOFFREDI;354;0
IAQUINTI;354;0
PANE;354;0
MARINA;354;0
MOCHEN;353;0
LARIA;353;0
GAUZZI;353;0
BIADICO;353;0
DURANTE;353;0
MARCHIGGIANO;353;0
BERTULLO;353;0
COSTACURTA;353;0
EVANGELISTI;353;0
FOSSALI;353;0
GALLUCCIO;353;0
FULLA;353;0
SFERRA;352;0
SASSU;352;0
CHINI;352;0
PECORARO;352;0
PIVA;352;0
LEVANTI;352;0
BARONTI;351;0
VITELLOZZI;351;0
IULIANO;351;0
FRUNER;351;0
RODA;351;0
BREMBATI;351;0
FITTIPALDI;351;0
CERCATO;351;0
FAENZA;351;0
DI-GIOIA;351;0
MUNACO';351;0
MASTROGIACOMI;351;0
CAMURANI;351;0
ROZZARINI;351;0
ROBBIO;351;0
PESSINA;351;0
MACHELLO;350;0
SIRONI;350;0
BARNABA;350;0
BADIALE;350;0
ROLANDO;350;0
STEFANI;350;0
MAGLIO;350;0
GARUFFO;350;0
TAMELLI;350;0
VENTRICINI;350;0
PULCI;350;0
SCORZO;349;0
COGLIANESE;349;0
BESCO;349;0
CANTON;349;0
TRIPICCHIO;349;0
ROVISCALLI;349;0
VESPO;349;0
SABATTOLI;349;0
LEANI;349;0
ALIBERTI;349;0
PRESTIGIOVANNI;348;0
MELONCELLI;348;0
CONFALONIERI;348;0
BRACCI;348;0
GIACOBI;348;0
MAGENES;348;0
CIUFFO;348;0
DORIO;348;0
ANESIN;348;0
CASCIANO;348;0
GARZELLI;348;0
GRIFFO;348;0
PARACIANI;348;0
CANDIA;348;0
SANTUCCIO;348;0
SECURO;347;0
LORENZI;347;0
COPPARI;347;0
BAMBERGHI;347;0
LEONCINI;347;0
FILIGHERA;347;0
VANZETTI;347;0
RONCONI;347;0
RUFFINI;347;0
AIANA;347;0
PISO;346;0
MARZOCCA;346;0
PAGLIA;346;0
BIAMONTI;346;0
MURNO;346;0
MIGNOGNI;345;0
FONTEBASSO;345;0
VEROLI;345;0
DI-PIERRO;345;0
CRESCIMBENE;345;0
UBALDINI;345;0
CALVELLO;345;0
PORRO;345;0
FOLLIS;344;0
MARCHESOTTI;344;0
FERILLO;344;0
LONGOBARDO;344;0
ABELLO;344;0
SARCI;344;0
GRIMALDI;344;0
GHILARDINI;344;0
IELARDI;344;0
MASCIADRI;344;0
MARTINA;344;0
CAVACCIUTI;344;0
MUSCAS;343;0
SANTONASTASO;343;0
CAPPUZZO;343;0
PETRILLI;343;0
BERLANGIERI;343;0
GHIN;343;0
SONCINO;343;0
BRANDI;343;0
GIARRUSSO;343;0
ARDOVINO;343;0
FUSINATO;342;0
ROBUSTI;342;0
RUGGIERO;342;0
MARCON;342;0
DRAGO;342;0
IELPA;342;0
D'OSPINA;342;0
VIGOGNA;342;0
ANGELETTI;342;0
PASTORELLI;342;0
BAZZARO;342;0
CERRUTI;341;0
CIUNI;341;0
PARDONI;341;0
REMERSARO;341;0
ANTIMO;341;0
SOMMAVILLA;341;0
MONTELEO;341;0
PETTIROSSI;341;0
COSTUCCI;341;0
ARUS;341;0
NEPOTE;341;0
BIASUZ;341;0
REGOLO;340;0
CANTINA;340;0
PERINO;340;0
CONSOLI;340;0
BARBIERATO;340;0
ALEMANNI;340;0
CAMPORESI;340;0
MATASSONI;340;0
PETROSINO;340;0
FRISI;339;0
CASSANELLO;339;0
ACONI;339;0
PARINI;339;0
MALASPINA;339;0
BAGNI;339;0
CAVAGNA;339;0
PIETROSANTI;339;0
COSCO;339;0
NACAR;339;0
COPPOLA;339;0
BETTAZZO;339;0
GALLIANO;339;0
GARBAZ;338;0
PANCOTTI;338;0
FORTINO;338;0
CREA;338;0
PIOVANI;338;0
VIGGIANO;338;0
VANNICOLA;338;0
BOSELLI;338;0
SICCARDI;338;0
GAIPA;338;0
PIEVANO;338;0
SPANO;337;0
ALTEBRANDI;337;0
CASADIO;337;0
BARGELLINI;337;0
RADAELLI;337;0
DALL'AGNOL;337;0
ONOFRI;337;0
FRISA;337;0
MAURELLI;337;0
BUONI;337;0
GIAMBRONE;337;0
BENZON;337;0
MARZANI;337;0
ATZENIS;337;0
SOLDANO;337;0
CORAPI;337;0
SCHIRATTO;337;0
MASSARO;336;0
GAMBATESA;336;0
CLEMENTE;336;0
OGLIARO;336;0
ACQUARONE;336;0
LAVIO;336;0
CHIODAROLI;336;0
BAIOCCHINO;336;0
FACCHINI;336;0
MOLINI;336;0
ALESSIO;336;0
CHILELLI;336;0
MURTAS;336;0
MAIERON;336;0
CRESCI;335;0
MELCHIORRI;335;0
ZEOLI;335;0
PEPE;335;0
MASIERO;335;0
SALVADERI;335;0
TENCONI;335;0
PERGOLI;335;0
GALLINARO;334;0
CHIVU;334;0
ARDIZZONI;334;0
SCHIAVON;334;0
VISCO;334;0
BOLOGNESE;334;0
IVAN;334;0
SARTO;333;0
VECCHINI;333;0
FRASCAROLI;333;0
CRISANTI;333;0
SCARPELLINI;333;0
POL;333;0
LAMBRA;333;0
ALESI;332;0
ANGELONI;332;0
GORTANI;332;0
MISITANO;332;0
PALADINO;332;0
GUERRINI;332;0
IMOVILLI;332;0
SECONDI;332;0
TROMBY;332;0
IOVALDI;332;0
RONGIOLETTI;332;0
PETRAZZOLI;332;0
BUTTURA;332;0
ABBATE;332;0
VIGNOGNA;332;0
GRASSI;332;0
MICALIZZI;332;0
GIRONDA;331;0
GIULEBBI;331;0
DOLERA;331;0
BELARDETTI;331;0
RAZETO;331;0
MUZI;331;0
MASSIGNAN;331;0
BELLODI;331;0
TORNESE;330;0
CIVARDI;330;0
CAVAZZINI;330;0
BOLOGNINI;330;0
MAGNANI;330;0
VOLONGHI;330;0
PAPETTI;330;0
MANFRON;330;0
ICARDO;330;0
CECCATO;330;0
SANNA;330;0
CARIDI;330;0
SPADOTTO;329;0
LICINI;329;0
FERRILLO;329;0
BADOLATI;329;0
SEMBENI;329;0
GIANNELLA;329;0
CESCATO;329;0
LEOPARDO;329;0
BAGLI;329;0
GARIBALDI;329;0
STANGHELLINI;329;0
OLGIATI;329;0
CAVAZZI;329;0
MIGLIORINI;329;0
POTESTA';329;0
SCHIAVONE;329;0
SCOGLIO;328;0
AGNELLO;328;0
MANTINEO;328;0
LUPARINI;328;0
TARENZI;328;0
SPERANDIO;328;0
UBOLDI;328;0
PETROSINI;328;0
RASTELLI;328;0
ASTORINI;328;0
SEVERINI;328;0
LAUREOLA;327;0
ZAPPAVIGNA;327;0
PRUNERI;327;0
MORONI;327;0
BERNARDO;327;0
GHIONE;327;0
SAVOLDI;327;0
AZZARA;327;0
LIONETTO;327;0
GALELLI;327;0
CUMINETTI;327;0
CERQUETI;327;0
FACCHIN;327;0
FREDDI;327;0
UCCHEDDU;326;0
TEOTINO;326;0
PISANO;326;0
MIGLIACCIO;326;0
CATELANI;326;0
FANTINI;326;0
PINZANO;326;0
BERTI;326;0
GHIGLIOTTO;326;0
CAGGECI;326;0
ROSASCO;326;0
SECCI;326;0
BACCARO;326;0
OTTOLIA;326;0
FRIZZOTTI;326;0
LAMBRI;326;0
COLOMBARINI;325;0
CALAMI;325;0
BESALDUCH;325;0
MOMBELLI;325;0
PITTALUGA;325;0
MANGIARACINA;325;0
MASILLI;325;0
ANTONIONI;325;0
FURCO;325;0
ZILLITTO;325;0
CADDEO;325;0
AZZARIO;324;0
FRATTIN;324;0
DEJANA;324;0
PIROVANO;324;0
FRAU;324;0
LOCATELLI;324;0
STRACQUADAGNO;324;0
MAINARDI;324;0
BROILI;324;0
PUGLIESE;324;0
PAPA;324;0
MERCANDELLI;324;0
MACCARIO;324;0
BERNUZZO;324;0
TEGNER;324;0
VERARDO;323;0
SALVATI;323;0
SETTIMIO;323;0
LIBE';323;0
PAOLATI;323;0
PASSARINI;323;0
BALLARINO;323;0
CORDONE;323;0
DEGANO;323;0
BONALUME;323;0
MAGNIFICO;323;0
AGOSTI;323;0
GIAMBELLI;323;0
FATIGATI;322;0
DILIBERTO;322;0
DEMURU;322;0
DESCALZI;322;0
PEYRACHIA;322;0
STALTARI;322;0
GALLO;322;0
PROPERZI;322;0
SABELLA;322;0
BONACCHI;322;0
ALBRISIO;322;0
CAGGEGI;322;0
MALIZIA;322;0
MARLETTA;322;0
GALANTINO;322;0
FINOTTO;321;0
SORVINO;321;0
VASILE;321;0
BETTI;321;0
FRASSI;321;0
PONZELLI;321;0
SQUIZZATO;321;0
PEDERODA;321;0
SIDDI;321;0
ZENO;321;0
ANGELILLI;321;0
BETTONI;321;0
SANSALVATORE;321;0
BURDO;321;0
FOLLETTI;321;0
SANNINO;321;0
FRANCALANCIA;321;0
BONTEMPI;321;0
SANTIA;321;0
NUSCHESE;320;0
ROFFI;320;0
MASCALI;320;0
CORTESI;320;0
CORNI;320;0
ARPINI;320;0
STRANGI;320;0
COZZOLINO;320;0
BAGARDI;320;0
MAZZARELLI;320;0
GIAMBO';320;0
GLIOZZI;319;0
COCOZZA;319;0
GASTALDELLO;319;0
DEMARCHI;319;0
CREVANI;319;0
AJUTI;319;0
BERTEA;319;0
CESARINI;318;0
BOCALETTI;318;0
DEMO;318;0
ARGENTI;318;0
MANGO;318;0
CARDINO;318;0
CARNOVALI;318;0
MICHELI;318;0
GIOVENZANA;318;0
MONASSO;318;0
GUBERNATI;318;0
RICASOLI;318;0
FORNARINO;318;0
FIGARI;318;0
TAIBBI;318;0
FOZZATI;317;0
PARZANI;317;0
BALSAMO;317;0
FERRAZZANO;317;0
SECCIANI;317;0
CUSINATI;317;0
VICINI;317;0
CALLIGARO;317;0
REBUZZI;317;0
TANZINI;317;0
GALLONI;317;0
SERVELLO;317;0
CRISCIONE;317;0
MINNOZZI;317;0
BARDI;317;0
GIACCO;316;0
BIRARDI;316;0
PAVIA;316;0
AMATO;316;0
GUMIERO;316;0
TOLDO;316;0
URZI;316;0
GRAZIADEI;316;0
SAROTTI;316;0
BALDESSARI;316;0
ZAMPARESE;316;0
MERCANTINI;316;0
MORTONI;316;0
BASCHIAZZORRE;316;0
TRIGOSO;316;0
STIGLIANI;316;0
ZAPPELLI;316;0
SAVELLA;316;0
PEDRINELLI;316;0
CIFONE;315;0
FAGINI;315;0
AGAZZINI;315;0
MURABITO;315;0
ZALIANI;315;0
CAMPANALE;315;0
PRETI;315;0
GABELLA;315;0
GRAZZANI;315;0
FERONATO;315;0
BIGNAMI;315;0
CALAMIDA;315;0
PANGALLO;315;0
GRIFFI;315;0
ALBERTAZZI;315;0
SANDRA;315;0
ROSSELLINO;315;0
LONGINO;315;0
SIGNORI;315;0
CANDELA;315;0
GALLI;314;0
BALDUCCI;314;0
FAVALLI;314;0
SAPONARA;314;0
PADRONAGGIO;314;0
BERNOCCHI;314;0
CREMAGNANI;314;0
BOSSETTI;314;0
DEBATTISTA;314;0
BRAMATI;314;0
IANNUZZI;313;0
ANTIMI;313;0
LIONETTI;313;0
COLOMBERA;313;0
MAZZUOLO;313;0
DEIANA;313;0
MAGALETTA;313;0
DI-PIETRO;313;0
POERIO;313;0
SCANNAPIECO;313;0
CONCAS;312;0
TRAINI;312;0
GUICCIARDI;312;0
MANDRIOTA;312;0
PISCHEDDU;312;0
ANZELMO;312;0
FERMAN;312;0
PELLITTERI;312;0
BRINO;312;0
SCAGLIONE;312;0
PALA;312;0
PALUMBELLA;312;0
BERNUZZI;312;0
D'ADDARIO;312;0
MANFRIN;311;0
MACCIO;311;0
MENGHINI;311;0
MANDRELLI;311;0
BORGHINI;311;0
SABADINI;311;0
RADICE;311;0
TULLIO;311;0
COSMI;311;0
COGNETTI;311;0
CELIA;311;0
BEZZO;311;0
MARIOTTI;311;0
PETTO;311;0
CLAUDINI;311;0
BIFFI;311;0
BRAJ;310;0
BERGOLO;310;0
PIROLA;310;0
COZZO;310;0
MANIN;310;0
MASTRANGELI;310;0
BIROLINI;310;0
GOTTARELLI;310;0
LUDOVICI;310;0
PEDRAZZI;310;0
CASSARA;310;0
ZAMPEDRI;310;0
MAVRICI;309;0
DEODATI;309;0
SALOMON;309;0
FIORAVANZO;309;0
TATULLI;309;0
GANZERLI;309;0
PAVONI;309;0
QUIRICO;309;0
ZULLO;309;0
BAGATO;309;0
LAVESI;309;0
ARMELLON;309;0
BAZZARA;309;0
CASALECCHI;309;0
ARALDO;309;0
MOLIGNANI;309;0
VARISCHETTI;309;0
ISAIA;309;0
MACHI;309;0
ZECCHI;309;0
TILOCCA;309;0
CARUSONE;308;0
ZICOLA;308;0
GULLA;308;0
SCOLA;308;0
MASIELLI;308;0
PELOSO;308;0
SISTU;308;0
TURCINOVICH;308;0
TOLOMEI;308;0
PALMIERO;308;0
CANNAVARO;308;0
CASSIA;308;0
MAZZARINO;308;0
PELLEGRINI;308;0
SESSI;307;0
BALLERINO;307;0
PETROZZA;307;0
SCALISE;307;0
MIANINI;307;0
BIAVATI;307;0
CALATABIANO;307;0
PIROVANI;307;0
CULOS;307;0
QUINTE';306;0
BOLATTO;306;0
CUCINIELLO;306;0
ZADRA;306;0
MUCCIOLO;306;0
FRANZINI;306;0
BUSSOLI;306;0
GOTTARDO;306;0
FERMANI;306;0
SCARONI;306;0
SCRIVANI;306;0
GERACI;306;0
FRANCIOTTI;306;0
CHIAPPUZZO;306;0
GALVANO;305;0
FOLLINI;305;0
DACCO';305;0
PAGLIARO;305;0
MONACI;305;0
MARANI;305;0
NUNEZ;305;0
MUSSOLINO;305;0
VOLTOLINI;305;0
ALBINONI;305;0
COLUGNATTI;305;0
TESSAROLO;305;0
BOSCHI;305;0
FIORENZANO;305;0
AGNUSDEI;305;0
LEOCATA;305;0
FRIGERI;305;0
PEDRETTI;305;0
PANUNZIO;305;0
PREIANO';305;0
MUSELLA;305;0
ASINARI;304;0
GIACOBBO;304;0
ARZANI;304;0
GUGLIELMI;304;0
LIBERA;304;0
PARDO;304;0
MICERA;304;0
PALUDETTI;304;0
CAVUOTO;304;0
LOMASTRO;304;0
GRISANTI;304;0
ZAMPRONI;304;0
TOSTI;304;0
BOCCALETTO;304;0
MEMOLI;304;0
ALBERTARIO;304;0
LIBERATA;304;0
MARASCA;304;0
MELI;304;0
GRIGOLLI;304;0
LARAIA;304;0
BRENCI;304;0
FANTINO;304;0
PRINCISVALLE;304;0
BIZOZZERO;304;0
TAMANTI;303;0
ALIOTO;303;0
BENEVELLO;303;0
FROSI;303;0
ALDERICI;303;0
DIGIUNI;303;0
MASTANTUONO;303;0
ZUCCHELLI;303;0
SERFILIPPI;303;0
RACCAR;303;0
BRANDOVARDI;303;0
BULDRIGHINI;303;0
ZUMMO;303;0
GALINI;303;0
PANIGAZZI;303;0
RICCARDI;303;0
TIRONE;303;0
D'AMBROSIO;303;0
BARBOLINI;303;0
MADINI;303;0
TRIPI;303;0
CANTONI;303;0
SALAMONE;302;0
VINCIS;302;0
PAESI;302;0
TUROTTI;302;0
ZOTTINI;302;0
GIANNICHEDDA;302;0
RONCONE;302;0
STOCCO;302;0
MOSCHETTI;302;0
DONINI;302;0
DESENZANI;302;0
PAES;302;0
MELILLI;301;0
GALLERANI;301;0
SANTORO;301;0
PIFFERI;301;0
CARRAU;301;0
BARBAGALLO;301;0
MONTESANO;301;0
TAINO;301;0
SPRELA;301;0
PITARO;301;0
DEPECCATI;301;0
CANE;301;0
RIBISI;300;0
MAZZONI;300;0
SERENO;300;0
TUFANISCO;300;0
BARBIERI;300;0
BUA;300;0
CURCI;300;0
GORRA;300;0
CARNOVALE;300;0
VESPUCCI;300;0
BORZINI;300;0
RIZZETTI;300;0
ALESCI;300;0
FAVARO;300;0
FALSONI;300;0
LAMOTTA;300;0
GIAVARINI;299;0
TUMELLO;299;0
CURIO;299;0
BAMPA;299;0
BINETTI;299;0
PIETROSANT;299;0
FRANZELLI;299;0
ARRIGHI;299;0
FAUSTO;299;0
BELLANDO;299;0
CUSINI;298;0
CATTINA;298;0
BURANA;298;0
FORONI;298;0
PAGLIARI;298;0
BOTTANI;298;0
GAVA;298;0
GIALLONARDO;298;0
CECCARDI;298;0
TEBALDI;298;0
CASTRO;298;0
ZANCHETTA;298;0
PAJELLO;298;0
AVERSANO;298;0
CALVI;298;0
SIMONCINI;298;0
FERRACUTI;298;0
MIGLIORI;297;0
GHILLANI;297;0
SCHIPA;297;0
BUSCAGLIA;297;0
RAVIZZA;297;0
SGARGI;297;0
BORTOLI;297;0
QUAGLIETTI;297;0
LEONELLI;297;0
PALUMBI;297;0
UBERTI;297;0
ZOTTI;297;0
COSTARELLA;297;0
PANI;297;0
CAMPANILI;297;0
CREMONESE;297;0
PALLINI;297;0
CHERCHIA;296;0
PIRANDELLO;296;0
MAZZILLO;296;0
ACCIAIO;296;0
MERIGO;296;0
ALFERO;296;0
SUSANNI;296;0
SIBALDI;296;0
PAISSAN;296;0
GAIBOTTI;296;0
QUERI;296;0
CASCIANI;296;0
CRISPINO;296;0
MAINA;296;0
BALZAROTTI;296;0
RONCAIOLI;295;0
ZAVATTA;295;0
ACERBO;295;0
CALABRO';295;0
MASSIMILIANI;295;0
GUALINI;295;0
DARDI;295;0
LOREDANI;294;0
ZIVIERI;294;0
GRADI;294;0
GIUFFRE';294;0
MOISO;294;0
RACHINO;294;0
MARUCCHI;294;0
SARACINI;294;0
TURRER;294;0
RINOLDI;294;0
FELLET;294;0
USEGLIO;294;0
TARALLO;294;0
MACONE;294;0
MALFA;294;0
LISSANDRI;294;0
BRAGHIERI;294;0
MASETTI;293;0
GRIFEO;293;0
MASCHERPA;293;0
ZOCCA;293;0
LEGNANO;293;0
BOCCA;293;0
SCAPIGLIATI;293;0
OLIVA;293;0
CASIRAGO;293;0
OTTONE;293;0
FIAMINGO;293;0
MALESANI;293;0
PRADEL;293;0
LICCARDO;292;0
CASAGRANDE;292;0
MERATI;292;0
ARDIZIO;292;0
SORA;292;0
ANDRUSIANI;292;0
BIADEGO;292;0
RUOTOLO;292;0
PELIZZARO;292;0
BELTRAME;292;0
LETO;292;0
FERRONI;292;0
ROBBIANI;292;0
CARATTI;292;0
NORDIO;292;0
FOLGARAIT;292;0
GAVINI;292;0
LOPETRONE;292;0
IAVARONE;292;0
BELLOMI;291;0
FERRO;291;0
CEOL;291;0
ARENI;291;0
BIGIOGERO;291;0
DELEDDA;291;0
CALANDRIA;291;0
GALLERINI;291;0
SANSONI;291;0
GULLOTTA;291;0
CURTI;290;0
VISENTIN;290;0
SCHIAVI;290;0
SEGHIZZI;290;0
LEGULEO;290;0
SISINNI;290;0
TORNO;290;0
CORONA;290;0
STEFANONI;290;0
LANZA;290;0
GASPARI;290;0
ABATANTUONO;290;0
RIGON;290;0
SELVAGGI;290;0
CASATI;290;0
TETTAMANTI;290;0
FABBIANO;290;0
GUIDI;290;0
PIZZOCRI;290;0
RATTI;289;0
ALTINIER;289;0
MASSIRONI;289;0
DAFFONCHIO;289;0
MINET;289;0
DONADEO;289;0
ALEMANNO;289;0
RIGANTE;289;0
TUZIO;289;0
ARMAGNI;289;0
SAVOLDELLI;289;0
DELFABRO;289;0
SERAVALLI;288;0
ROSSELLI;288;0
FRAGALA;288;0
MANDELLI;288;0
FRACCHIOLLA;288;0
CHIAPPA;288;0
MASETTO;288;0
MONZANI;288;0
PILO;288;0
TUPPUTI;288;0
RUBUANO;288;0
SOMARELLI;288;0
TURI;288;0
BIAVASCHI;288;0
SANGUINETTI;288;0
CAPOTOSTI;287;0
SALVUCCI;287;0
MUSSATO;287;0
ALBERICI;287;0
MOLINARI;287;0
ZANCO;287;0
NISI;287;0
MOSCHEN;287;0
ALO';287;0
PERRONI;287;0
MEDA;287;0
FORMENTI;287;0
CAMPANELLI;287;0
IOB;287;0
OPPIZIO;287;0
BELOTTI;286;0
GERMI;286;0
ZANDONELLA;286;0
MULEDDU;286;0
CREDO;286;0
CAICO;286;0
FALCIONE;286;0
SEMBENOTTI;286;0
MINA;286;0
PERGOLIZZI;286;0
REGGIANI;286;0
MONTRASIO;286;0
ZADRO;286;0
PALLINO;286;0
NAPOLETANI;286;0
MINOLFI;286;0
BOCCALETTI;285;0
PECORARI;285;0
MAESTRELLI;285;0
BIONDA;285;0
LISSANDRINI;285;0
MIANI;285;0
BUSI;285;0
GALASSI;285;0
VEZZONI;285;0
BARTOLOZZI;285;0
MATONE;284;0
MOAL;284;0
FIORUCCI;284;0
BARGIACCHI;284;0
FERRISE;284;0
MARUCA;284;0
MINOJA;284;0
BONETTI;284;0
RONCIONI;284;0
ABATICOLA;284;0
FANTONI;284;0
BORTINI;284;0
MOLINETTI;284;0
RASTELLO;284;0
BUSANA;284;0
QUARANTA;284;0
AVANCINI;284;0
DELL'ATTI;284;0
DEFILIPPO;284;0
MALLICA;283;0
BADALUCCO;283;0
LOPOMO;283;0
ZORZENON;283;0
SALVIATO;283;0
BORRELLO;283;0
REALE;283;0
FUMEO;283;0
CESARETTO;283;0
CHIARA;283;0
CIREDDU;283;0
ANDREAZZO;283;0
AURICCHIO;283;0
GOY;283;0
ARBORETO;283;0
CASTRACANE;283;0
TOMMASELLI;283;0
FRANCHI;282;0
STUCCHI;282;0
CROPELLI;282;0
D'ALOJA;282;0
GAVINO;282;0
BARATTI;282;0
CULOSI;282;0
STUCCO;282;0
TODERO;282;0
SPAGNOLI;282;0
CIAMPI;282;0
MARCONETTI;281;0
SERIO;281;0
PIUMA;281;0
PICCHINI;281;0
ALFINI;281;0
AVERSANA;281;0
RIGONE;281;0
MASERATI;281;0
SALEMI;281;0
ZENI;281;0
ARDIGOOCO;281;0
GERMINI;281;0
PELACANI;281;0
BRIANZA;281;0
CARO;281;0
ROMANELLI;280;0
FLACCO;280;0
MEDVES;280;0
PASCUZZO;280;0
PAROLARO;280;0
VANNUCCINI;280;0
GAZZOLA;280;0
CAPERDONI;280;0
RUBATTO;280;0
BOSSOLETTI;280;0
ZACCARA;280;0
MIRABILIA;280;0
PETRUCCI;280;0
GIANICOLO;280;0
MEREGALLI;280;0
ZAMATI;280;0
MUSAZZI;280;0
SEVESO;280;0
TAROZZO;280;0
CAFIERO;279;0
DOTTI;279;0
BOCA;279;0
CHIERICHINI;279;0
PARAGIANI;279;0
CALANDRELLO;279;0
PISCIOTTA;279;0
MASSIGNANI;279;0
CARCIOFALI;279;0
MAIOLI;279;0
ROBERTONE;279;0
POLI;279;0
FOIS;279;0
ALTOBELLI;279;0
SANTON;279;0
GRASSO;279;0
REZZOAGLI;279;0
STRIANESE;279;0
PERUZZO;279;0
REBIZZO;279;0
MANNINA;279;0
VIOTTO;279;0
ANDREIS;278;0
LENZO;278;0
PIRAS;278;0
PETRUZZELLI;278;0
SORBA;278;0
ARDIZZI;278;0
MICALETTI;278;0
BERNARDINO;278;0
POILLUCCI;278;0
CATONI;278;0
BONFANTE;278;0
MODONUTTO;278;0
STILLANTE;278;0
PAGANELLI;278;0
TROMBINI;278;0
MONTEMERLI;277;0
CANTILENA;277;0
ACCIARO;277;0
LAROBINA;277;0
CARMELI;277;0
RAGGIOTTO;277;0
MONTEMA;277;0
SPINOSO;277;0
SACCARO;277;0
SAUDA;277;0
CARLI;277;0
MANNA;277;0
FRATTA;277;0
GRIMANI;277;0
LENTINI;277;0
DANOVARO;277;0
RICCUCCI;276;0
DE-ANGELIS;276;0
D'ERRICO;276;0
PICCHI;276;0
ZORATTI;276;0
VESCHI;276;0
ALBERTIS;276;0
MONCI;276;0
ECCHER;276;0
GOTTARDINI;276;0
CASALE;276;0
FIORAVANTI;276;0
GUIDONE;276;0
RUSCONI;276;0
CALVANESE;276;0
PATIRANI;275;0
NAITANA;275;0
TAFURI;275;0
BENCIVENNI;275;0
PROTTI;275;0
TELA;275;0
PASQUA;275;0
VASETTI;275;0
CARMINATI;275;0
BERNAZZANI;275;0
CIMMINI;275;0
PREVOSTI;275;0
BENINCASA;274;0
CARACCIUOLO;274;0
NOTARISTEFANI;274;0
URRIANO;274;0
D'AVANZO;274;0
GEROLDI;274;0
GIORDANI;274;0
TAME';274;0
DELMATI;274;0
MARNINI;274;0
BERRUTO;274;0
CRABA;274;0
MUSSNER;274;0
MICHELON;274;0
CAIOZZO;274;0
SCHIAVONI;274;0
MAZELLI;273;0
PLATINI;273;0
FRANCISCI;273;0
PREDIERI;273;0
PILLA;273;0
SOLLAI;273;0
GO;273;0
FERRERI;273;0
ORIOLO;273;0
BAJETTI;273;0
LAZZARINO;273;0
FURIOSI;273;0
GRISONI;273;0
FERRISI;273;0
IENCO;273;0
POLETTO;273;0
PALLADINI;273;0
PIETROSANTE;273;0
BRUZZONE;273;0
ANTONIONE;273;0
PITTAMIGLIO;272;0
GRIONI;272;0
BERLUSCONI;272;0
BERSANI;272;0
GHIGLIOTTI;272;0
SCAPINO;272;0
VERDI;272;0
GALEOTTA;272;0
ZANOTTI;272;0
VAGHI;272;0
CARRA;272;0
MOZZANICA;272;0
VASI;272;0
BORRACCI;272;0
AVALLONE;271;0
BRATTI;271;0
FISSIRAGA;271;0
FIUMI;271;0
GRUPPELLI;271;0
CILFONE;271;0
PANASCI;271;0
PRENCIPE;271;0
LEONELLO;271;0
ZEPPONI;271;0
MELI';271;0
CANNIZZARO;271;0
BOMBELLI;271;0
PANUNTI;271;0
LEOPARDI;271;0
D'ORLANDO;271;0
SALADINO;271;0
GIUSSANI;271;0
NICOTERA;271;0
MACCARONE;270;0
SCAPPINI;270;0
MONARO;270;0
SPINELLI;270;0
GIOIA;270;0
APOSTOLO;270;0
DAVERIO;270;0
BRANDIMARTE;270;0
INCARDONA;270;0
ICARDI;270;0
TOSCANI;270;0
FILONI;270;0
GROPELLI;270;0
PEZZINI;270;0
MANGIAMELI;269;0
ARCHIERI;269;0
GIUGGIO;269;0
CESCOLINI;269;0
IACOVELLI;269;0
DUTTI;269;0
CALCAGNINI;269;0
DEFENDENTE;269;0
BURATTO;269;0
TANINI;269;0
GIACOMELLI;268;0
AMORUSI;268;0
SUZZANI;268;0
SCHIFANI;268;0
ALAMANNI;268;0
CONDRO';268;0
MINIMI;268;0
ALAGONA;268;0
CAGEGI;268;0
LIBERTI;267;0
REPUPILLI;267;0
GIUBBINI;267;0
MASSARELLI;267;0
FERRE';267;0
VECCHIO;267;0
SANTONI;267;0
BUS;267;0
BUSSOLO;267;0
APPIANI;267;0
POGGI;267;0
PROIETTI;267;0
SAPIA;267;0
VODOPIVEC;267;0
PERUGINA;267;0
CORAZZA;267;0
MARTINENGHI;267;0
TREVISAN;267;0
ALU';267;0
MORI;266;0
TRAPE';266;0
GIURATO;266;0
PIROZZI;266;0
TURINO;266;0
MAENZA;266;0
POLETO;266;0
BONIZZONE;266;0
COMUZZI;266;0
PALUCCIO;266;0
FEOLI;266;0
PEDRINAZZI;266;0
BORAGNI;266;0
ALBERTO;266;0
CERESA;265;0
NATERI;265;0
NOBILE;265;0
MELFI;265;0
CARANO;265;0
GHIDONI;265;0
CARAMELLO;265;0
ZANFINI;265;0
VANZO;265;0
ARISCI;265;0
ETERNO;264;0
TAFFARELLO;264;0
COLOGNESI;264;0
BONIPERTI;264;0
GALIANI;264;0
DONADONI;264;0
NIEDDU;264;0
CARIDDI;264;0
SALVEMINI;264;0
PENNISE;264;0
RODRIGHI;264;0
RAMUNDO;264;0
BREDA;264;0
BALBINI;264;0
ARDESI;264;0
MAJORANO;263;0
PETRIOLI;263;0
BREGALLINI;263;0
CAVENAGHI;263;0
ANZUINELLI;263;0
PELLIZARI;263;0
DORIGO;263;0
GOVONE;263;0
BONGIOANNI;263;0
TOSOLINI;263;0
LODIGIANI;263;0
ZACCONE;263;0
IDDA;263;0
PASSAFIUME;263;0
MADIA;263;0
PIANTANIDA;263;0
SOBRERO;263;0
MOROCCO;263;0
BENZI;263;0
LANDOLFO;263;0
PEZZIMENTI;263;0
PIACENTINO;263;0
COCCO;263;0
FRUSIN;263;0
PORTINARI;262;0
BLASINGER;262;0
FENECH;262;0
CALABRö²;262;0
PERTINI;262;0
ATENIESE;262;0
COSTAMAGNA;262;0
ZAZZERO;262;0
VENTURI;262;0
IANDOLO;262;0
ZUCCHI;262;0
MASTROPAOLO;262;0
VIGNOLI;261;0
BERNARD;261;0
ANTIOCO;261;0
CIRESA;261;0
LUCCHETTI;261;0
TORNIELLI;261;0
BAIAMONTE;261;0
GAETANI;261;0
RIVALTA;261;0
MANFRONI;261;0
STURLA;261;0
CABRAS;261;0
DONISI;261;0
CANALAZ;260;0
TRECCANI;260;0
SCORZELLI;260;0
BORDIGNONI;260;0
GORELLI;260;0
MIOR;260;0
BALOCCO;260;0
UGOLINI;260;0
SIMI;260;0
ALLIATI;260;0
GRILLETTI;260;0
LOI;260;0
BALDOLINI;260;0
DONNINI;260;0
MERIGGI;260;0
IABONI;260;0
MUSTU;260;0
RAGGIOTTI;260;0
CARNEVALE;260;0
MIGLIO;260;0
VALLISNERI;259;0
MERZAGORA;259;0
MANTI;259;0
ZILLIO;259;0
BOI;259;0
SEVERGNINI;259;0
GODEAS;259;0
BERTÒS;259;0
CORBELLINI;259;0
LAISO;259;0
NOVAZZI;259;0
ZUPPA;259;0
SCARONE;258;0
GENOVESE;258;0
BELLIBONI;258;0
COLOMBARI;258;0
BRUSCHETTI;258;0
CALOPRESTI;258;0
STRADIOTTI;258;0
VIGNALI;258;0
PIRANDELLI;258;0
BASTIA;258;0
POMIATO;258;0
BENIZI;258;0
MARCHIORI;258;0
TARIBELLI;258;0
RINALDI;257;0
VARGIU;257;0
MASTROMARINO;257;0
BADALATO;257;0
SORICE;257;0
BACCELIERE;257;0
CONZO;257;0
BERGOMI;257;0
LOIUDICE;257;0
VENTRIGLIO;257;0
CASTAGNERI;257;0
CAMERAN;257;0
VALESI;257;0
CACCAVELLA;257;0
BINETTO;257;0
ILARIO;257;0
USSEGLIO;257;0
BONZI;256;0
DEFRANCESCHI;256;0
TURATELLO;256;0
ERBETTA;256;0
ASQUINI;256;0
ADDA;256;0
MONTICELLI;256;0
SINIBALDI;256;0
FOGLIAZZA;256;0
MASSIMINI;256;0
CASARINI;255;0
PELLETTO;255;0
MASCARONI;255;0
MAZZEO;255;0
PROIETTO;255;0
ALGHISI;255;0
LAROSA;255;0
CESARATTI;255;0
BOGLIO;255;0
CIRILLO;255;0
LOTITO;255;0
DINI;255;0
CUMER;254;0
SPORCHIA;254;0
VALENZI;254;0
CORBARI;254;0
MORATTI;254;0
BAIOCCHINI;254;0
TIBERIO;254;0
BIZZOCA;254;0
BERTANZI;254;0
CASASOLE;254;0
PICCIN;254;0
RIPAMONTI;254;0
CASAROTTO;254;0
MARRONE;254;0
FAPPANI;254;0
PEROTTI;253;0
PORATI;253;0
SPIEZIO;253;0
MELE;253;0
ROCCHI;253;0
TAGLIAPIETRE;253;0
BOER;253;0
TORTORA;253;0
CASTRACANEI;253;0
CORONGIU;252;0
PASSERA;252;0
PIZZO;252;0
GAGGIO;252;0
SICHIERI;252;0
MIRANDOLA;252;0
MUCCIOLINI;252;0
BUFALINO;252;0
PEZZOLO;252;0
FOSSATI;252;0
PIZZARDO;252;0
CABONA;252;0
CAMPOMIZZI;252;0
MAGGIONI;251;0
AICARDO;251;0
BERTACCHI;251;0
SPAGNA;251;0
PAUTASSO;251;0
CHIARION;251;0
DAVICO;251;0
RAZETI;251;0
TAGLIA;251;0
IACOPINI;251;0
FERRAGUTTO;251;0
CALI';251;0
GORIANI;251;0
CASSANEGO;250;0
MINI;250;0
SALVIATI;250;0
FLORA;250;0
ERROI;250;0
BITI;250;0
FRARACCI;250;0
PAOLETTI;250;0
BOVA;250;0
CANGI;250;0
FERRIERI;250;0
AREZZINI;250;0
BERTOLI;249;0
CIMMARUSTI;249;0
BUSSOLA;249;0
PIU;249;0
RACCARO;249;0
ROVEGNO;249;0
CASTELLANI;249;0
PACINO;249;0
STOPPANI;249;0
ALASIA;249;0
SCANDELLARI;248;0
VIGLIA;248;0
CERVI;248;0
CIRIGNANO;248;0
ARCELLONI;248;0
ADAMO;248;0
FRANCESCHINO;248;0
GUARALDI;248;0
FEDA;248;0
AMATORE;248;0
VIGNATO;248;0
CILFONI;248;0
PRADELLI;248;0
MONTALTI;248;0
RAVEGNANI;248;0
SIMINA;248;0
VESCE;248;0
MAZZANTI;248;0
ZORDAN;248;0
BONADEO;247;0
PELLETTIERI;247;0
IERARDI;247;0
RESCIGNO;247;0
ANZILE;247;0
PAOLINI;247;0
PIERGIOVANNI;247;0
CARFORA;247;0
CIRROTTOLA;247;0
BALISTRERI;247;0
PELI;247;0
BERTAGNI;247;0
VESCO;247;0
CUCCUS;247;0
SCARLATA;247;0
LATIN;247;0
BUGNI;247;0
VOLPE;246;0
MORESCHI;246;0
TOMARCHIO;246;0
CAGNOLA;246;0
SCORPO;246;0
GIUNTI;246;0
RECINA;246;0
GIROTTO;246;0
ALBERGHINI;246;0
PESCI;246;0
SPINA;246;0
MASILLO;246;0
ROVEDA;246;0
STORRI;246;0
CAMPAGNOLI;246;0
POLLINI;246;0
BALLATORE;246;0
SABIDUSSI;246;0
MOSETTI;246;0
RUPERTI;246;0
ZAMARA;246;0
ZANELLI;246;0
PESATORI;246;0
PARAVATI;245;0
BELPERIO;245;0
MINNITI;245;0
VANZULLI;245;0
GILARDINO;245;0
FENAROLI;245;0
MAZZOCHIN;245;0
GALLIANI;245;0
LOFARO;245;0
SANZO;245;0
MAGRINO;245;0
BARZAGHI;245;0
LUCIANI;244;0
TRAVERSINO;244;0
POGGIATO;244;0
TENDAS;244;0
PELLEGATTA;244;0
BIA;244;0
GIACONI;244;0
GIANI';244;0
CASAMASSA;244;0
COUTANDIN;244;0
VENTURA;243;0
IUCULANO;243;0
POLESEL;243;0
PARMEGGIANI;243;0
PENNACCINI;243;0
BIGGIOGGERO;243;0
PODESTA';243;0
FENU;243;0
LICCHELLI;243;0
MAGISTRELLO;243;0
FLORIDIA;243;0
LANDONI;243;0
GUERRESCHI;243;0
BOTTICELLA;243;0
ALFINO;243;0
GEMELLI;242;0
MIGLIETTI;242;0
BOTTARIN;242;0
PEZZIA;242;0
CARACCIOLI;242;0
GUIZZARO;242;0
AMENDOLA;242;0
AVENI;242;0
MALOSSI;242;0
AVOGARI;242;0
ABBATELLI;242;0
ZIVERI;242;0
COLOGNI;242;0
GABALLO;241;0
POLLONI;241;0
MANONI;241;0
PADOVANI;241;0
PICCOLIS;241;0
CULOSO;241;0
FEO;241;0
DI-PALMA;241;0
FLAMINI;241;0
CROGNALE;240;0
GRUGNI;240;0
BOVINO;240;0
BRAGATO;240;0
ABRIONI;240;0
SOLDI;240;0
VALENZA;240;0
GANZETTI;240;0
SALNITRI;240;0
BERTOLLI;240;0
FRASISTI;240;0
PUTIGNANO;240;0
BRIZZOLARI;240;0
CELANI;240;0
ZANDOMENEGHI;240;0
RADICCHI;240;0
ROLGI;240;0
MILAN;240;0
ARDOVINI;240;0
CAMARRA;240;0
DEMARTINI;240;0
CRIVELLI;240;0
RECAGNI;239;0
PALOMBI;239;0
ROSCIGNO;239;0
ILARIUCCI;239;0
PANNUNZI;239;0
DEZZA;239;0
MARUCCIA;239;0
DELL'AIA;239;0
FRUSCI;239;0
ORTOLAN;239;0
TROLIO;239;0
TAVEGGIA;238;0
SIMONCELLI;238;0
PAPALEO;238;0
MAZZANTE;238;0
LAMI;238;0
D'ALENA;238;0
PILLITTERI;238;0
CARNELLO;238;0
AGNELLI;238;0
BAJOCCHI;238;0
BURANELLI;238;0
SPADAFORA;238;0
PIAGNERI;238;0
DIONISI;238;0
BETTAZZI;238;0
BITTARELLI;237;0
LUCARELLI;237;0
MUSSIDA;237;0
LETTIERI;237;0
CROTTI;237;0
BELMONTE;237;0
LECCARDI;237;0
ZAGORDO;237;0
SICUTERI;237;0
MASO;237;0
TARDIVO;237;0
MENGHI;237;0
MAZZOLO;237;0
LAMAGNA;237;0
PIZZOL;237;0
CORPO;237;0
GUZZO;237;0
PILONE;237;0
CANDIANO;236;0
TANINO;236;0
BRANCALEONE;236;0
ADESSO;236;0
FORLI';236;0
ZALTRON;236;0
ZUFFADA;236;0
TAMURRI;236;0
LELLI;236;0
TROMBATORE;236;0
CALZETTA;236;0
ZACCAGNO;235;0
ELTRUDIS;235;0
BAIAMONTI;235;0
RAVAZZINI;235;0
BIAGINI;235;0
MAJO;235;0
PAVANELLO;235;0
ANTONINI;235;0
AVOGADRI;235;0
CONTALDI;235;0
SCAFFIDI;235;0
RAINOLDI;234;0
ORMELLA;234;0
ZOCCOLANTI;234;0
FASSETTA;234;0
ROVERSO;234;0
RUNDEDDU;234;0
BELLARIA;234;0
CREMONINI;234;0
DIVERIO;234;0
BIANCAT;234;0
PASSAMONTI;234;0
CUCCA;234;0
GUARIBERTO;234;0
GIUMELLI;234;0
FORNARINI;234;0
TORNESI;234;0
ZULIANI;233;0
D'ALU';233;0
SERAGNI;233;0
MIRABILIO;233;0
LOGIUDICE;233;0
DAGOSTINO;233;0
PIOVANO;233;0
SILINI;233;0
AVANZINO;233;0
BAJETTA;233;0
CASTAGNOLI;233;0
PAVAN;232;0
AGIRMO;232;0
STIA;232;0
TACCOLI;232;0
FONTANAZZI;232;0
CORSO;232;0
CHIARELLI;232;0
MARTELLENGHI;232;0
CIRONE;232;0
PARRI;232;0
PANDOLFA;231;0
CORPI;231;0
GUSTAVINO;231;0
GALLUCCI;231;0
LAMBIASE;231;0
BONCIO;231;0
VIVENZIO;231;0
MARAGLIO;231;0
DECAPITANI;231;0
PETRUZZI;231;0
PARAZZOLI;230;0
SANTAMARIA;230;0
PIZZIGONI;230;0
QUEIROLO;230;0
TURRINA;230;0
CECCARELLI;230;0
ANNIBALE;230;0
SARDINA;230;0
TOAJARI;230;0
TRONCONI;230;0
OBIZZO;230;0
GUARNOTTA;230;0
MIGLIETTA;230;0
ZECCOLI;229;0
MORRICONE;229;0
DEGHENGHI;229;0
ZANELLA;229;0
SICILIANI;229;0
DORMETTA;229;0
RICETTI;229;0
MICHETTI;229;0
MONGHI;229;0
SPINOSI;229;0
GUCCIARDELLO;228;0
CIACCIO;228;0
RUOZZI;228;0
CIMARRUSTO;228;0
BALSAMELLO;228;0
PRECI;228;0
CAVALIERE;228;0
FORESTI;228;0
GASPARONI;228;0
BIGLIA;228;0
TADIOTTO;228;0
GUNELLA;228;0
CALCAGNINO;228;0
CREMONA;228;0
ALEMANI;228;0
PIGNATARO;228;0
VITALONI;227;0
TODARI;227;0
SCALCIONE;227;0
TAVANO;227;0
PILOTTI;227;0
FRARE;227;0
CALDI;227;0
RINIERI;227;0
AVELLONE;227;0
PULVIRENTI;227;0
VACCA;227;0
BONAJUTO;227;0
PEDROCCHI;227;0
CAPORALONI;227;0
GRILLI;226;0
PORTONARO;226;0
BORMETTI;226;0
SORBO;226;0
MARINI;226;0
CICCARELLI;225;0
BECCALOSSI;225;0
BORGHESE;225;0
MARCHESONI;225;0
AMALFI;225;0
SESSA;225;0
FINOCCHIARO;225;0
IGNAZI;225;0
MANTEGAZZA;225;0
FOLLI;225;0
CHIARI;224;0
PAPEI;224;0
GINOSA;224;0
TOMMASINI;224;0
CRUCIANO;224;0
GERMANO;224;0
CATTONARO;224;0
PEROSI;224;0
CARFAGNA;224;0
DEROS;224;0
PATACCA;224;0
GORNI;224;0
BRANCATI;224;0
DONATINI;224;0
CASSETTO;224;0
MAMBRETTI;224;0
BATTIATO;224;0
MAGISTRO;224;0
CEFARELLI;224;0
PICA;223;0
NOVELLINO;223;0
MANDRINI;223;0
ZANGANI;223;0
CURIALE;223;0
GUIZZARI;223;0
FARIOLO;223;0
PRESTIGIACOMO;223;0
FANTOZZI;223;0
ANTOLA;223;0
CALIMANO;223;0
FUSELLA;223;0
SEMBENICO;223;0
SAVELLO;223;0
DORE;223;0
ASTI;223;0
GRISOLIA;223;0
GIUGLIANO;223;0
BACCINO;222;0
MANSI;222;0
ILARI;222;0
GIOMMI;222;0
INFANTOCCI;222;0
GELLERA;222;0
LEONETTI;222;0
PODENZANI;222;0
ARBUCCI;222;0
FORNERI;222;0
ARDEMANI;222;0
PATERNO';222;0
SPEZIGA;222;0
AMORINO;222;0
BIAGETTI;222;0
CORI;222;0
NERINI;221;0
CARIONI;221;0
LAUDISI;221;0
ARNAUDI;221;0
BATTELLO;221;0
CARDILLO;221;0
MATTANA;221;0
PARENTE;221;0
CASABIANCA;221;0
MARTELLINI;221;0
PIETRANTONIO;221;0
MICELI;221;0
ABBA';221;0
PROSDOCIMI;221;0
GOLINO;221;0
GOGLIO;221;0
CIMAROSTO;220;0
PANGALLI;220;0
APOLLONI;220;0
MORELLI;220;0
MAURI;220;0
FAZARI;220;0
VALSECCHI;220;0
FIORINI;220;0
ZUCCATOSTA;220;0
ZAMPITO;220;0
PERUGINI;220;0
SCARCELLA;220;0
SCONFIETTI;220;0
SARDANO;220;0
TRASI;220;0
DOMICOLO;220;0
GALVANINO;219;0
STRAGAZZ;219;0
FACCIO;219;0
D'AQUINO;219;0
RANCATI;219;0
FULCONIS;219;0
CONSOLE;219;0
TOTARO;219;0
BORGHETTI;219;0
SANFRANCESCO;219;0
CHIARIELLO;218;0
SALPETRO;218;0
IACOPINO;218;0
URSI;218;0
FAINI;218;0
MURRONI;218;0
CRISTOFORI;218;0
D'ANDREA;218;0
CERRATI;218;0
GALASTRI;218;0
PROVENZANO;218;0
FRAGOMENI;218;0
PIEVANI;218;0
TORREGGIANI;218;0
VECCHIONI;218;0
AMONI;218;0
REVERZANI;217;0
UGGETTI;217;0
NICHELE;217;0
AUTUORI;217;0
FERRARINI;217;0
BORZILLI;217;0
GORO;217;0
CALTABIANO;217;0
LONGARO;217;0
VALLE;216;0
GAGLIO;216;0
FIRINU;216;0
GUADALUPI;216;0
BADESSA;216;0
BAVASTRO;216;0
PORRU;216;0
VICO;216;0
MOALI;216;0
GAGGERI;215;0
PUNZO;215;0
CECCON;215;0
PRINA;215;0
SANITATE;215;0
PATUZZI;215;0
TACCHI;215;0
BOSETTI;215;0
PESCATORI;215;0
MIROTTI;215;0
NORCIA;215;0
BIAMONTE;215;0
BEVERINA;215;0
LANZAVECCHIA;214;0
PIZZINI;214;0
GUISCARDO;214;0
PALLADINO;214;0
BRASCA;214;0
LAZZAROTTI;214;0
CARACRISTI;214;0
SERVENTE;214;0
SCARZO;214;0
FABRIZZI;214;0
MULAZZANI;214;0
ZAPPACOSTA;214;0
BOZZA;214;0
BARRUFFO;213;0
BOLIGNANO;213;0
PANICO;213;0
ZUCCOTTI;213;0
PIAS;213;0
SESSO;213;0
ALDUINI;213;0
LAMBRUSCHINI;213;0
SBARAGLIO;213;0
PATI;212;0
SASSONI;212;0
BATTEZZATO;212;0
CERULLI;212;0
PISTORIO;212;0
IUDICELLO;212;0
BARBE';212;0
PALOMBELLI;212;0
TALLEVI;212;0
NERI;212;0
BACCELIERI;211;0
GAROFALI;211;0
ABBRUSCATO;211;0
AGUZZI;211;0
AMADEO;211;0
CARUGATI;211;0
TALAMI;211;0
VIGNATI;211;0
VALANIA;211;0
BERTOTTO;211;0
VIVENZA;211;0
MAGNABOSCO;211;0
TASSARA;211;0
PARATI;211;0
GENTILE;211;0
ALBINO;211;0
VITELLIO;211;0
LORENZOTTI;211;0
GALAZZO;211;0
ZILLINO;210;0
ARPINO;210;0
FRANCESCATTI;210;0
CUNEGATTI;210;0
VIDON;210;0
REA;210;0
URSONE;210;0
MIRABELLI;210;0
DIMATTIA;210;0
CANALE;209;0
TUSSI;209;0
CORSI;209;0
BECHI;209;0
SPIZZI;209;0
PETRARCA;209;0
BERSANO;209;0
PECORONI;209;0
FRATTOLA;209;0
LEONI;209;0
ANTONIOLI;209;0
PLUTINO;208;0
ARGENTIERO;208;0
RANGONE;208;0
SALNITRO;208;0
PREBIANCA;208;0
CADELLI;208;0
D'ORAZIO;208;0
FEREGOTTO;208;0
PALMIOTTI;208;0
DELL'ERA;208;0
PORATO;208;0
LEZZO;208;0
DAINESI;208;0
COLAVITO;208;0
PIZZICAROLI;208;0
MILILLO;208;0
BIANCHI;208;0
MAGNO;208;0
ROVITO;208;0
ARIANI;208;0
MICICCHE';207;0
FACCHINETTI;207;0
URZINI;207;0
LONGO;207;0
FARNESE;207;0
MONGILLO;207;0
ZENERIN;207;0
TELESE;207;0
LONARDO;206;0
BERTUZZI;206;0
GAMBERALE;206;0
RACAR;206;0
CHIARETTI;206;0
CAPOVILLA;206;0
CIARAMELLI;206;0
BRACCO;205;0
PONZIANI;205;0
PRESTIPINO;205;0
DIMINO;205;0
MOTTIN;205;0
FOLETTO;205;0
GUERINONI;204;0
GASPARRI;204;0
CORSINI;204;0
RENDINI;204;0
SERVIDA;204;0
GUELI;204;0
BESANI;204;0
CALIMANI;204;0
ZULLIANI;204;0
TROISI;204;0
MURATORE;204;0
BELTRAMINO;204;0
MANTELLI;204;0
BATTAGLINI;203;0
AMBROSIO;203;0
MARZANO;203;0
MARCI;203;0
CALDERARO;203;0
CALABRESE;203;0
RIPOLI;203;0
VACCARI;202;0
GIOVAGNORIO;202;0
DONDINI;202;0
RIZZETTO;202;0
SISENNA;202;0
SANZA;202;0
BOSSOLI;202;0
CIONI;202;0
RIZZI;202;0
TROLESE;201;0
CECCHERINI;201;0
SCARPELLO;201;0
BRUNELLO;201;0
SIVIERI;201;0
VITALI;201;0
DOMENIS;201;0
MARTURANA;200;0
BOSIO;200;0
LUVARA';200;0
MELLINO;200;0
FARACI;200;0
FRIGGERI;200;0
LANDONE;199;0
SACCOMANNO;199;0
PRAIANO';199;0
CRESPI;199;0
POMPILI;199;0
DEIDDA;199;0
STANBOGLIS;199;0
MEZZOGORI;199;0
CAMBRIA;199;0
ZEDDA;199;0
FULCONE;199;0
BRUSONI;199;0
OCCHINO;199;0
REMONDI;199;0
SICA;199;0
VALLEBONA;198;0
BERTONCINI;198;0
SANTAPAOLA;198;0
PAIELLI;198;0
CONTRI;198;0
SOTTILE;197;0
GUDERZO;197;0
VERGARI;197;0
PELAGALLI;197;0
PRATELLESI;197;0
ZAMMATARO;197;0
PERUCCHETTI;197;0
CADRINGHER;197;0
POZZAGLIA;197;0
SANDONA';197;0
QUERQUES;197;0
SERENELLA;197;0
MONACHESI;197;0
BERLANGERI;197;0
PROCOPIO;197;0
CAMAGNI;197;0
MICHELAZZO;197;0
FILIPPAZZI;196;0
ALBOINI;196;0
TURLE;196;0
ILARDI;196;0
TIBOLLO;196;0
CAPARROTTI;196;0
CIMINO;196;0
VALLARINI;196;0
GILARDO;196;0
CASINA;196;0
FRANZONE;196;0
CHIESA;196;0
D'AGOSTINO;196;0
RIMONDINI;196;0
BELLAVITI;195;0
MATELLI;195;0
TUOZZO;195;0
BOTTICELLI;195;0
CENTENARI;195;0
GRISOSTOMO;195;0
NATTERO;195;0
LARCERI;195;0
SCHIANO;195;0
ZAZZARONI;195;0
LANA;195;0
MALAGODI;195;0
UNALI;195;0
BANDIRALI;195;0
FALCONETTI;195;0
BENUSSI;194;0
DADDA;194;0
COMPAGNONI;194;0
VIMERCATI;194;0
GOZZI;194;0
PASSARETTI;194;0
BAGAGLIA;194;0
GORLANI;194;0
TOVO;194;0
ZACCHI;194;0
NENCI;194;0
GATTINARI;194;0
MAIOLO;194;0
CESARI;194;0
ARMANNI;194;0
COZZULA;194;0
GIMONDI;193;0
MARSILIA;193;0
CRUCCAS;193;0
SCURATTI;193;0
ALBONI;193;0
BERNICH;193;0
PLATAROTI;193;0
BELLUTO;193;0
BAJO;193;0
BERTAGNON;193;0
SALVADEO;193;0
ISELLA;193;0
MARSILLI;193;0
SPITALERI;193;0
SORRENTO;193;0
MAIENZA;193;0
ZIBORDI;193;0
GUERRESCO;193;0
GAGNOR;193;0
PALOMBIERI;193;0
MAGGIORE;192;0
MUCCIOLI;192;0
GARBOLI;192;0
GABELLIERI;192;0
PIRODDU;192;0
PIRELLA;192;0
CALISI;192;0
GOZZO;192;0
PRANDINI;192;0
BOLIA;192;0
MASTROTOTARO;191;0
LODDO;191;0
DELMIGLIO;191;0
MASSAFRA;191;0
STOCHINO;191;0
GIACCONE;191;0
SPIOTTI;191;0
MALDARI;191;0
TADDEI;190;0
GALLICO;190;0
CUCCHI;190;0
DURLO;190;0
NARDONE;190;0
MIRAGLIA;189;0
PELLICANO;189;0
SERANGELO;189;0
TANZILLO;189;0
SAINI;189;0
AMBROGI;189;0
TAMANZI;189;0
PARISE;189;0
ABATECOLA;188;0
CAMPOLUNGHI;188;0
MARASCO;188;0
TROIANI;188;0
PENSO;188;0
BAU';188;0
NUZZACI;188;0
GAMBARINI;188;0
PANTINO;188;0
FASANI;188;0
CRISOSTOMI;187;0
DEMARCO;187;0
CARINA;187;0
GLIELMO;187;0
BERTATINI;187;0
TOAIAR;187;0
ANTONI;187;0
SILVESTRO;187;0
BISCONTI;187;0
SPINI;187;0
BORZILLO;187;0
RONDININI;186;0
CADEDDU;186;0
GIBERTI;186;0
TOGNI;186;0
PIGANZOLI;186;0
ANTONIAZZI;186;0
LAGHEZZA;186;0
BEDINI;186;0
SOLDATI;186;0
LIGATO;186;0
RICCOBONI;186;0
FACCIOLINI;186;0
VICARI;186;0
GALLINO;185;0
CAROLEI;185;0
ABRAMI;185;0
AUTIERO;185;0
CIRINCIONE;185;0
BELMESSIERI;185;0
DALLARA;185;0
BERTAGNINI;185;0
FRUSCIONE;185;0
BALZARETTI;185;0
CAGOL;185;0
DURANDI;184;0
RACHINI;184;0
TARIBELLO;184;0
BONIFAZIO;184;0
CAVAGNOLO;184;0
FRASCHINI;184;0
ANTINI;184;0
APPINO;184;0
SAVIANI;184;0
CECCARDINI;184;0
CIPOLLA;184;0
BONIN;184;0
TURCHETTO;184;0
MAROSI;183;0
FRONER;183;0
BRINI;183;0
MANDA;183;0
BOGLIA;183;0
BELLEBONI;183;0
ARCHINTI;183;0
LARCINESE;183;0
BOZZI;183;0
CALOGERI;183;0
FORTAREL;183;0
NICOLINO;183;0
GIAIMI;183;0
CENTINAIO;183;0
ERCOLE;183;0
ZIRAVELLO;182;0
CASTAGNETTI;182;0
CASACCIO;182;0
CENTELLES;182;0
BERTUGLI;182;0
MAISANO;182;0
RAVELLO;182;0
MULAZZANO;182;0
MARINARO;182;0
FREGOSI;182;0
FORTINI;182;0
RICCHIUTO;182;0
SELMI;181;0
CAIAZZO;181;0
OLIVETI;181;0
GALVANINI;181;0
TONIOLO;181;0
ZAZZARO;181;0
MARINARI;181;0
MINGHI;181;0
SCHINO;181;0
PAVESI;181;0
COTZA;180;0
CERCA;180;0
SOLITO;180;0
PANIZZOLI;180;0
TURINI;180;0
RAPISARDI;180;0
PETROTTO;180;0
GUARNIERO;180;0
CASTELLO;180;0
MAZZOCCO;179;0
BERTON;179;0
BARZIZZA;179;0
SANBIAGIO;179;0
LAMBERTO;179;0
PILLON;179;0
PECORI;179;0
COLAMARTINO;179;0
BERZI;179;0
CAGNOLO;179;0
LADINI;179;0
CAMPIRONI;179;0
ALBONICO;178;0
CAUZO;178;0
CEGLIE;178;0
SIONE;178;0
REZZAGHI;178;0
SCARPULLA;178;0
REGGIARDO;177;0
ALTANA;177;0
FALASCHI;177;0
SEGGIO;177;0
PAPALIA;176;0
GRADA;176;0
SERRA;176;0
TERENZI;176;0
RIGONI;176;0
BULGARELLI;176;0
TUOTO;176;0
TOLETTI;176;0
NICHELI;176;0
BASILI;176;0
RONCAGLI;175;0
GHERARDI;175;0
PICCOLI;175;0
CAPRARI;175;0
ALBERO;175;0
CIOFETTI;175;0
SPITALERE;174;0
ASCIOTI;174;0
GENTILI;174;0
COLUSSI;174;0
CIRIGNOTTA;174;0
GAITI;174;0
ALLEGRANZA;174;0
ZAMATARO;174;0
PIERLUCA;174;0
SIGOTTI;174;0
CHIANALE;173;0
LEONARDI;173;0
COSCARELLO;173;0
POZZI;173;0
BUTTI;173;0
ZINETTI;173;0
VECCHI;173;0
CAPIZZI;173;0
GNESOTTO;173;0
MELILLO;172;0
CALÀ;172;0
GHIONI;172;0
COELI;172;0
BERTOLOTTI;172;0
BOCOLA;172;0
ABRAM;172;0
CITTERI;172;0
MARTINIS;172;0
CITERIO;171;0
ARGENTERO;171;0
MULE';171;0
ABBATANGELO;171;0
BAZZO;171;0
POGNI;171;0
MIOTTO;171;0
SCANTAMBURLO;170;0
PEZZOLLA;170;0
SERNESE;170;0
ANGELINI;170;0
MEMOLA;170;0
CALDAROLA;170;0
PIRONE;170;0
MARCHESI;170;0
MAGAGNIN;170;0
BOLATTI;170;0
ALGISI;170;0
ZUANELLI;170;0
GRAZIOLI;170;0
BASSICH;170;0
SASSO;170;0
SCOLZ;170;0
MORETTINI;169;0
FILZI;169;0
PASI;169;0
CORRADO;169;0
LUZZATTI;169;0
POLONIO;169;0
TADDEO;169;0
LIBONI;168;0
PIETRAMALE;168;0
PALESE;168;0
FALLACARA;168;0
ZAGORDI;168;0
SCAVUZZO;168;0
BERTOSSIO;168;0
CACCIAPUOTI;168;0
MARINO;168;0
MIRA;168;0
NOTO;168;0
VARDIERO;168;0
BALTOLU;168;0
MURA;167;0
ATZENI;167;0
VARANA;167;0
COLANTUONI;167;0
AMANTEA;167;0
FARINA;167;0
ARENA;167;0
BALDOLI;167;0
MASCHIETTO;167;0
BARRACCO;167;0
INGARAO;167;0
SOGGIRI;166;0
MASIELLO;166;0
ORCO;166;0
FRATTINI;166;0
APPIANO;166;0
GIUSTINO;166;0
FENOGLIO;166;0
ANGARONE;166;0
SANESI;166;0
MARAZZINA;166;0
GASPERINI;166;0
APORTI;165;0
BALZARINI;165;0
MASUINO;165;0
BISSARO;165;0
BALBO;165;0
USELI;165;0
BERTACCHINI;165;0
SIANO;165;0
LUCI;164;0
FARRIS;164;0
GALLINI;164;0
TERRACCIANO;164;0
MAURIZI;164;0
MARETTI;164;0
CRENNA;164;0
PALAZZINI;164;0
TARDY;163;0
PRIVITERA;163;0
AMELLIO;163;0
BERTOLDI;163;0
SILANO;163;0
MAZZARESE;163;0
SEBASTIANO;163;0
BARBARINI;163;0
ZUCCO;163;0
ROVARI;162;0
DELMONTE;162;0
MOSCHINI;162;0
SPEDIACCI;162;0
PISCOPO;162;0
SALA;162;0
BOCCATO;162;0
TOSA;162;0
MANFREDINI;162;0
NICOLETTA;162;0
IORI;162;0
BORIO;162;0
BAUDI;162;0
MARCHEGGIANO;162;0
FRATE;162;0
SARTIRANA;161;0
COMAROLI;161;0
POLCINI;161;0
ANTONIOTTI;161;0
FOLCHI;161;0
FANTIN;161;0
TOLEDO;161;0
ZENDRINI;161;0
IELPO;160;0
GUALAZZI;160;0
FIUMEFREDDO;160;0
ALLEGRINI;160;0
OTTAVIANO;160;0
SACCHI;160;0
SGARZI;160;0
PILUDU;160;0
RANOLDI;159;0
BEOLCHI;159;0
MANFRIDI;159;0
CAPOZZOLI;159;0
PEROZZINI;159;0
CADENAZZO;159;0
CHIRIZZI;159;0
AMADEI;159;0
LOIODICE;159;0
CRISPI;159;0
PETTINATO;159;0
GAMBARI;159;0
SCAFIDI;158;0
AUDISSINO;158;0
BOTTURA;158;0
TURCONI;158;0
MAIUOLO;158;0
SANTUS;158;0
ZILLO;158;0
NASATO;158;0
MUTI;158;0
ARMANO;158;0
COFFERATI;158;0
ANTINO;157;0
CITTERIO;157;0
ABATEGIOVANNI;157;0
VENEZIANI;157;0
AIELLO;157;0
MEDVED;157;0
VORABBI;157;0
NAPELLO;157;0
MONGELLO;157;0
MAUGERI;157;0
UGOLINO;157;0
ZURRIDA;156;0
POLLEDRI;156;0
BARATTA;156;0
GIUBBA;156;0
SOFFRITTI;156;0
BOVINA;156;0
SALOMONE;156;0
ALLEGRETTI;156;0
ROSI;156;0
FEDERICI;156;0
FIORE;156;0
GENERANI;156;0
SCURATI;155;0
TROMBADORE;155;0
GELDANI;155;0
GALIENI;155;0
CHIAINI;155;0
MARINONI;155;0
LIBORIO;155;0
TRASFORINI;155;0
GIRONDI;154;0
CORNARO;154;0
AMELLA;154;0
PALOMBELLA;154;0
LATORRACA;154;0
SCARTEZZINI;154;0
RENNE;154;0
SPIRIDIONI;154;0
BONACCI;154;0
BENVENUTI;154;0
GARBINO;154;0
BOBBIESI;154;0
BARACCA;154;0
D'ACQUISTO;154;0
CADORE;153;0
GALIMBERTI;153;0
DONNA;153;0
RENDINA;153;0
VERONICA;153;0
BONDANZA;153;0
ROSCIO;153;0
SCARPINI;153;0
BIZZARRI;152;0
ODONI;152;0
VILLA;152;0
CAIOLO;152;0
BULGARI;152;0
ACCORSI;152;0
GHISOLI;152;0
STEFANO;152;0
BATTEZZATI;152;0
GORTAN;152;0
CERONE;152;0
PAPALATO;152;0
AJELLO;152;0
SORU;151;0
GULINATI;151;0
MOGLIA;151;0
MATIZ;151;0
IAGULLI;151;0
CAPPELLI;151;0
CICCARELLO;151;0
PENATI;151;0
CARRERA;151;0
FIGLIUOLO;151;0
TANI;151;0
TAVERNO;151;0
CASTIGLIONI;151;0
TODERI;151;0
ROMAGNOLI;151;0
VALGOLIO;150;0
FOPPOLI;150;0
CHIAVARI;150;0
BONZO;150;0
PEGE;150;0
PANTELLI;150;0
RAISI;150;0
SELLARO;150;0
PAGNI;150;0
BARBOSO;150;0
PELLICARI;149;0
ANSALDO;149;0
INFANTE;149;0
ANTONIOTTO;149;0
MURRO;149;0
GUIZZARDO;149;0
BUDA;149;0
MASCOLO;149;0
DIONISO;149;0
TREMEA;149;0
FARONATO;149;0
TRENTI;149;0
ALOISI;148;0
VASSALLI;148;0
VESPE;148;0
BERTINI;148;0
PERANI;148;0
LENTO;148;0
PICCINELLI;148;0
ZANGRANDE;148;0
MEDDA;148;0
MARCHET;148;0
L'ABATE;148;0
LANFRANCHI;148;0
FELAPPI;148;0
CASTALDI;147;0
CAMOGLIANO;147;0
OPPIZI;147;0
MOSTACCHI;147;0
BRERA;147;0
MAINERO;147;0
LIZZA;147;0
MASSARENTE;147;0
CACIOPPINI;147;0
LARI;146;0
VINCENZO;146;0
BISON;146;0
TARALLI;146;0
DILECCE;146;0
CAMINATI;146;0
CANTALUPO;146;0
SARDINI;145;0
CARDAMONI;145;0
MAFRICI;145;0
RIBOLDI;145;0
RUBATTI;145;0
RIO;145;0
ALOJA;145;0
BRUNELLI;145;0
SBARZI;145;0
BIZZOZZERO;145;0
URPI;145;0
MEONI;145;0
CORNETTI;145;0
FRESCHI;145;0
GALBANI;144;0
GOLFIERI;144;0
PIREDDU;144;0
CAVALLONI;144;0
NAPOLITANO;144;0
TERRACINA;144;0
SBARDELLA;144;0
MORGANTI;144;0
ALESCIO;144;0
ALTINER;143;0
BETTE';143;0
LORENZINI;143;0
MARAZZA;143;0
SGAMBATI;143;0
SICILIANO;143;0
VIVENTI;143;0
BAIOCCHI;143;0
PALMAS;143;0
CHIANCA;143;0
PELLIZZA;143;0
ROVIDA;143;0
INGHIRAMI;143;0
SPELTA;142;0
SOAVE;142;0
SCHIEPPATI;142;0
CASSINA;142;0
ARMELLIN;142;0
MANDRINO;141;0
ARCHETTI;141;0
BRATTA;141;0
LIBONE;141;0
ONETA;141;0
CATTANEO;141;0
MAGANUCO;140;0
FROLO;140;0
FRANCIOSI;140;0
CUROTTI;140;0
FARALDI;140;0
CIGOGNINI;140;0
BERTOCCHIO;140;0
GIULIANO;140;0
SCUDERA;140;0
GHINI;140;0
GHIGLIA;140;0
LUDOVICO;139;0
TORELLI;139;0
MONDOLFI;139;0
SALTAFORMAGGIO;139;0
DANIEL;139;0
SCANDELLA;139;0
PIERANTONI;139;0
IURILLI;139;0
MIGLI;139;0
MARANO;139;0
RAVAGNAN;138;0
TARANTO;138;0
PIZZUTO;138;0
PICCOLOMINI;138;0
CAVAZZA;138;0
DOGNINI;138;0
GIAMBOI;138;0
FRATINI;138;0
NEIVILLER;138;0
VALLARINO;138;0
PRIVITERI;138;0
MOLITERNI;138;0
SCIARRA;138;0
RUBATTINO;137;0
CHIARON;137;0
GRABOLI;137;0
CARESTA;137;0
PATANE;137;0
SILLA;137;0
CARAPELLI;137;0
CAMERA;137;0
MALFATTI;137;0
SOFFIATI;137;0
ALLEGRO;137;0
RUBANO;137;0
CATTUNAR;136;0
BRUZZO;136;0
MAZZARA;136;0
MOSCHITTO;136;0
CASTOLDI;136;0
CATERINA;136;0
MASTRANTON;136;0
TONON;136;0
PRESTIFILIPPO;136;0
DEMARTINIS;135;0
LUPO;135;0
BRANDINO;135;0
PAPPALARDI;135;0
BATTINO;135;0
GUAZZI;135;0
PARTELI;135;0
LESINA;135;0
FERNIANI;134;0
LICHERI;134;0
ARCARI;134;0
REBUZZINI;134;0
FREGUGLIA;134;0
SCUDIERI;134;0
CERRI;134;0
MATTIOLA;134;0
BOTTONARO;133;0
CERVONI;133;0
GRIFASI;133;0
STUTO;133;0
DASSE';133;0
PONTIGGIA;132;0
CORAIN;132;0
PEDERZOLI;132;0
AMALBERTI;132;0
AMPOLA;132;0
BINA;132;0
AGOSTINIS;132;0
GALATI;132;0
MISSIAGLIA;132;0
TARABELLO;132;0
CALI;132;0
BELLUCCI;132;0
AMELIO;132;0
BACIGALUPPO;132;0
DEREGIBUS;131;0
NAPPO;131;0
SALLUSTI;131;0
GALLINARA;131;0
CALDERON;131;0
FORNACIARI;131;0
ORLANDI;131;0
EINAUDI;131;0
LENTULO;130;0
PIERINI;130;0
BENTIVOGLI;130;0
CERSOSIMO;130;0
MICHELACCI;130;0
COSINI;130;0
CERINO;129;0
MARULLI;129;0
RIGGIO;129;0
SCICOLONE;129;0
GENCHI;129;0
MOSCAT;129;0
STIGLIANO;129;0
PRESTI;128;0
GAVARDI;128;0
MONACO;128;0
LUCHETTI;128;0
BERTANZA;128;0
CALINO;128;0
SECH;128;0
CHIANI;128;0
CENCI;128;0
GREGORIO;128;0
FAES;128;0
TRIULCIO;127;0
CUCCO;127;0
ZILI;127;0
PIZZONI;127;0
GUARINO;127;0
MINERVINO;127;0
BERGAMI;127;0
SANTIN;127;0
CACAVALE;126;0
AMALFITANO;126;0
CARPITELLA;126;0
CAVAGNOLA;126;0
SANTAERA;126;0
SAILIS;126;0
PANTANI;126;0
CERRONI;126;0
RETTORE;126;0
FINDANNO;126;0
CIULLA;126;0
BONINI;126;0
MIRABILE;125;0
MERCANTE;125;0
GIAQUINTA;125;0
CESCHINO;125;0
ZANONCELLI;125;0
MOROSINI;125;0
D'URSI;125;0
ZAMBARBIERI;125;0
CALDERARA;125;0
GALANTI;125;0
DEFRONZO;124;0
COSSALTER;124;0
CAVALCANTI;124;0
RASTELLINO;124;0
IODICE;124;0
MASINI;124;0
AURIA;123;0
INGIARI;123;0
RAGONESE;123;0
BONADIO;123;0
FILZ;123;0
MESSINEO;123;0
MUSUMARRA;123;0
RIGGIONE;123;0
ALTAMURA;123;0
ROVERSI;123;0
CAPONNETTO;123;0
BECCI;123;0
ANSALONI;123;0
GENERO;122;0
BACCI;122;0
ZEPPILLO;122;0
BERTO;122;0
NATOLA;122;0
TAMANTINI;122;0
PETRUZZELLO;122;0
PESARESI;122;0
GIACOMETTO;122;0
ANTACIDO;122;0
MACCHETTA;121;0
BANDINO;121;0
DAMENO;121;0
SPAZZADESCHI;121;0
MODIGNANI;121;0
GUZZON;121;0
PUNZIO;121;0
TOMASINI;121;0
PERLETTI;121;0
DESCALZO;121;0
IANNUCCIO;121;0
MARZIANI;121;0
CAVANNA;120;0
FARRUGIA;120;0
LAZZARA;120;0
GINGHINI;120;0
SCIACCALUGA;120;0
COMBERIATO;120;0
CARETTA;120;0
MALAVOLTI;120;0
SEGHIERI;120;0
SEDATI;120;0
LIOTTO;119;0
BAGNASCHI;119;0
SANGUINETI;119;0
PULEGA;119;0
MENICOCCI;119;0
IANNUZZELLI;119;0
BACELIERI;119;0
COLUCCIA;119;0
NUCCIO;119;0
ODDONI;118;0
ZILIO;118;0
GIARELLI;118;0
CRISTIANI;118;0
ANZIL;118;0
PACELLI;117;0
GUERRISI;117;0
SEGALINI;117;0
GUISCARDI;117;0
CHIEPPI;117;0
CULTRARO;117;0
CORPUS;117;0
CONCU;117;0
BENATO;117;0
VALPREDA;117;0
MILESI;117;0
LANNI;117;0
CORGNATI;117;0
CIPOLLINI;117;0
MAROLDA;116;0
FORNINO;116;0
BRUSASCHETTO;116;0
BERNARDELLI;116;0
GENTINETTA;116;0
VILLORESI;116;0
CACCIARI;116;0
GILARDONI;116;0
PENNESI;116;0
STROPPA;116;0
FALASCA;116;0
PASTORE;115;0
CARDINALE;115;0
BALLABIO;115;0
IURETIC;115;0
MIGLIETTO;115;0
AGANI;115;0
ESPOSTI;115;0
BERLINGUER;114;0
QUAINI;114;0
PAPPALARDO;114;0
REPETTI;114;0
GUIGLIA;114;0
GUS;114;0
BULUGGIU;114;0
LAGANARA;114;0
ANTONACI;114;0
PEVIANI;114;0
ZULIANO;114;0
CAMBIO;113;0
FUNARI;113;0
BARALDI;113;0
ZANGRANDO;113;0
BRATTO;113;0
BUSCHETTU;113;0
VARDANEGA;113;0
CIRIACO;113;0
CADONI;112;0
CAMPUS;112;0
AZEGLIO;112;0
CIANFERRA;112;0
MARCIS;112;0
FRANCINI;112;0
CICCIO;112;0
BERGAMO;112;0
ARLOTTO;112;0
ZAGGIA;112;0
CIANCI;112;0
FAVALE;112;0
DI-MAIO;112;0
PUCCETTI;112;0
LEVO;112;0
CAMPAGNOLO;111;0
FARISEI;111;0
GIROMINI;111;0
MARUCCO;111;0
ARDENGO;111;0
REBAUDENGO;111;0
PISERI;111;0
MARCARINI;111;0
BONICELLI;111;0
ASNAGHI;111;0
MONTEMERLO;111;0
POLCINO;111;0
BALSARI;111;0
TEATINO;111;0
CAMPOLUNGO;110;0
ARDISSINO;110;0
MEDIOLI;110;0
BACCIGALUPPI;110;0
MARSON;110;0
CERQUETTI;110;0
TROCELLO;110;0
BORELLI;110;0
COLETTA;110;0
ANTINORI;110;0
TORTORELLA;110;0
SALVESTRINI;110;0
CIRRINCIONE;110;0
PIOLI;110;0
CRESCENZO;109;0
SALERNI;109;0
ANDREANO;109;0
BAIO;109;0
PONTOGLIO;109;0
MARINACCI;109;0
PIETRANTU;109;0
IACOE;109;0
VARISCHI;108;0
LODOLI;108;0
BOTTINNERI;108;0
TESSAROLI;108;0
BRANDINI;108;0
MALVOLTI;108;0
VANGI;108;0
LINGIARDI;108;0
CASTELVECCHIO;108;0
PENZA;108;0
ANDRADE;108;0
CORATELLI;107;0
GARRUTI;107;0
TRAMONTANA;107;0
FANELLI;107;0
BELLASI;107;0
GHISILIERI;107;0
SERAO;107;0
TRAISCI;107;0
ONETO;107;0
DABELLANI;107;0
MATTERA;106;0
RAVIGNANI;106;0
PELLINI;106;0
BUSTI;106;0
LOMELLINI;106;0
BRINDISI;106;0
BERALDO;106;0
PASCOLINI;106;0
DILORENZO;106;0
BOTTINO;106;0
MIROTTA;106;0
GOISIS;105;0
ZORZETTO;105;0
GERVASI;105;0
GATEL;105;0
VANZI;105;0
TERRENGHI;105;0
BARELLI;105;0
CARELLI;105;0
CHINATTI;105;0
SECULIN;105;0
SCHETTINO;104;0
CRISTALDI;104;0
AGATE;104;0
MISITI;104;0
AJMO;104;0
GHISLIERI;104;0
PESCETTO;104;0
BALDESSARE;103;0
TESTORIO;103;0
NUGNES;103;0
BRUNATI;103;0
PAOLILLO;103;0
MALGERI;103;0
RAVANELLI;103;0
BRUNETTA;103;0
COMIRAN;103;0
CARMELO;102;0
MASCINI;102;0
MARABOLI;102;0
GIUSTO;102;0
GALIOTTA;102;0
BALDANI;102;0
MAINIERO;102;0
BALDESSARRI;102;0
STRIANO;102;0
MO;102;0
ZERBI;101;0
AZZINI;101;0
SANTA;101;0
RIMOLO;101;0
LINGIARI;101;0
FERRAGUTI;100;0
GRAZIADIO;100;0
PELLICCIA;100;0
MARONI;100;0
NOTARANGELI;100;0
MANEA;100;0
BELLINI;100;0
BARESI;100;0
MONTIS;100;0
